outer_repeat,outer_fold,model,C,l1_ratio,mean_inner_log_loss,se_inner_log_loss,mean_n_selected
1,1,ridge,0.2,,0.5396033321237265,0.024192398805937047,10.0
1,1,ridge,0.1,,0.5400572487941517,0.0198405061066147,10.0
1,1,ridge,0.5,,0.546151173679972,0.029625974517972872,10.0
1,1,ridge,0.05,,0.5467985517833656,0.015795531553387164,10.0
1,1,ridge,1.0,,0.5526443793764504,0.032787536579933954,10.0
1,1,ridge,2.0,,0.5582570817645978,0.034942317070555826,10.0
1,1,ridge,0.02,,0.5623712809838289,0.011186255490038415,10.0
1,1,ridge,5.0,,0.5633822177813651,0.03662776518261553,10.0
1,1,ridge,10.0,,0.5654440168467314,0.037208175575676995,10.0
1,1,ridge,0.01,,0.5745111301793672,0.0086770550376312,10.0
1,1,ridge,0.005,,0.5839279339748764,0.0072526523935319345,10.0
1,1,ridge,0.002,,0.5914473490748017,0.006544118482656577,10.0
1,1,ridge,0.001,,0.5943924644691,0.0063898015016944235,10.0
1,1,elastic_net,0.2,0.2,0.5414395753786314,0.021759127617553997,9.2
1,1,elastic_net,0.5,0.5,0.5430094103886506,0.026375090321176353,9.4
1,1,elastic_net,0.5,0.8,0.5430357541738952,0.024114159966718108,8.8
1,1,elastic_net,0.5,1.0,0.5447541404265055,0.022341069464475345,8.6
1,1,elastic_net,0.5,0.2,0.5448057047014345,0.028315988312247097,9.6
1,1,elastic_net,1.0,1.0,0.5468641859530724,0.028734537921959926,9.4
1,1,elastic_net,1.0,0.8,0.5479778824117989,0.02952148629857821,9.4
1,1,elastic_net,1.0,0.5,0.5497053423965289,0.03073641857644946,9.4
1,1,elastic_net,0.2,0.5,0.5514230575018548,0.017654600236627686,8.6
1,1,elastic_net,1.0,0.2,0.5514593312152913,0.03198236724161723,9.8
1,1,elastic_net,0.1,0.2,0.552885720438921,0.016241591705602774,9.0
1,1,elastic_net,2.0,1.0,0.5545044208489582,0.03250415126791905,9.4
1,1,elastic_net,2.0,0.8,0.5552334610202498,0.03300273831428775,9.8
1,1,elastic_net,2.0,0.5,0.5563468365596408,0.03374168562762747,10.0
1,1,elastic_net,2.0,0.2,0.5574772843406792,0.03446242040621523,10.0
1,1,elastic_net,5.0,1.0,0.5615608018329049,0.03546351394641081,10.0
1,1,elastic_net,5.0,0.8,0.5618865416112822,0.035686710877256916,10.0
1,1,elastic_net,5.0,0.5,0.5623845198191336,0.0360169752692034,10.0
1,1,elastic_net,5.0,0.2,0.5628897537663736,0.036343880751201194,10.0
1,1,elastic_net,10.0,1.0,0.5645705687046925,0.036631014571784484,10.0
1,1,elastic_net,10.0,0.8,0.564737348494759,0.03674552043494365,10.0
1,1,elastic_net,10.0,0.5,0.5649863083558792,0.036917056486918044,10.0
1,1,elastic_net,10.0,0.2,0.5652386180260144,0.037087005620472305,10.0
1,1,elastic_net,0.2,0.8,0.5666703373208876,0.013547035874527434,7.6
1,1,elastic_net,0.05,0.2,0.5769930879734446,0.010641994289991349,7.4
1,1,elastic_net,0.2,1.0,0.5794719519747679,0.012006694403307693,7.0
1,1,elastic_net,0.1,0.5,0.5822624261636355,0.010972559880441227,6.8
1,1,elastic_net,0.05,0.8,0.5977339012123426,0.0059843390111780515,0.0
1,1,elastic_net,0.02,0.2,0.597790339453598,0.006371993780810268,1.8
1,1,elastic_net,0.05,1.0,0.5979189052956907,0.006046997969282518,0.0
1,1,elastic_net,0.05,0.5,0.5979742798897775,0.006433786604412704,1.8
1,1,elastic_net,0.1,0.8,0.598141403504742,0.0069957045447027605,3.2
1,1,elastic_net,0.1,1.0,0.5981580372608227,0.006493870110429529,1.8
1,1,elastic_net,0.02,0.8,0.6000115746582628,0.005158193211317338,0.0
1,1,elastic_net,0.02,1.0,0.6001897954784263,0.005316482956738985,0.0
1,1,elastic_net,0.02,0.5,0.60036514953647,0.005017785128036038,0.0
1,1,elastic_net,0.01,0.2,0.6006048988800079,0.005049526726085671,0.0
1,1,elastic_net,0.005,0.2,0.6014188468158694,0.004947670982417516,0.0
1,1,elastic_net,0.01,0.5,0.6050145616652699,0.005748536827674543,0.0
1,1,elastic_net,0.01,1.0,0.6066192936639061,0.004203794064177413,0.0
1,1,elastic_net,0.001,1.0,0.6083791645661583,0.003702992920313942,0.0
1,1,elastic_net,0.002,1.0,0.608379249526185,0.0037030756060421736,0.0
1,1,elastic_net,0.005,1.0,0.6083860311910959,0.003694935646227778,0.0
1,1,elastic_net,0.01,0.8,0.6157746791370737,0.003736597062821787,0.0
1,1,elastic_net,0.005,0.5,0.6189842306984449,0.005056745305792541,0.0
1,1,elastic_net,0.002,0.2,0.6220399571907176,0.0053969328070265325,0.0
1,1,elastic_net,0.005,0.8,0.6222091473282809,0.0025786539829364147,0.0
1,1,elastic_net,0.002,0.8,0.6229244716270974,0.0025783432344642066,0.0
1,1,elastic_net,0.001,0.8,0.6241108894369436,0.0025569141932169476,0.0
1,1,elastic_net,0.002,0.5,0.6246921205922319,0.0025441628413347267,0.0
1,1,elastic_net,0.001,0.5,0.6274907140237577,0.0025028619737843196,0.0
1,1,elastic_net,0.001,0.2,0.6306133115957058,0.0024509913974429076,0.0
1,1,lasso,0.5,,0.5447541404265055,0.022341069464475345,8.6
1,1,lasso,1.0,,0.5468641859530724,0.028734537921959926,9.4
1,1,lasso,2.0,,0.5545044208489582,0.03250415126791905,9.4
1,1,lasso,5.0,,0.5615608018329049,0.03546351394641081,10.0
1,1,lasso,10.0,,0.5645705687046925,0.036631014571784484,10.0
1,1,lasso,0.2,,0.5794719519747679,0.012006694403307693,7.0
1,1,lasso,0.05,,0.5979189052956907,0.006046997969282518,0.0
1,1,lasso,0.1,,0.5981580372608227,0.006493870110429529,1.8
1,1,lasso,0.02,,0.6001897954784263,0.005316482956738985,0.0
1,1,lasso,0.01,,0.6066192936639061,0.004203794064177413,0.0
1,1,lasso,0.001,,0.6083791645661583,0.003702992920313942,0.0
1,1,lasso,0.002,,0.608379249526185,0.0037030756060421736,0.0
1,1,lasso,0.005,,0.6083860311910959,0.003694935646227778,0.0
1,2,ridge,0.2,,0.5293116439845773,0.025147464151136528,10.0
1,2,ridge,0.5,,0.531881754661801,0.03169366019172522,10.0
1,2,ridge,0.1,,0.5326103080917582,0.020038951995027508,10.0
1,2,ridge,1.0,,0.536673459215787,0.03634154497950915,10.0
1,2,ridge,0.05,,0.541175389276041,0.015021548666221718,10.0
1,2,ridge,2.0,,0.5417253943057181,0.04049899754162943,10.0
1,2,ridge,5.0,,0.5469285957027662,0.04453944695083873,10.0
1,2,ridge,10.0,,0.549340868157992,0.046400933993766505,10.0
1,2,ridge,0.02,,0.5579758153345982,0.009618374406466897,10.0
1,2,ridge,0.01,,0.5708874970936135,0.007328239919154049,10.0
1,2,ridge,0.005,,0.5809964203160218,0.006497067479659535,10.0
1,2,ridge,0.002,,0.5891220621396586,0.006397110882288223,10.0
1,2,ridge,0.001,,0.5923141226496771,0.006473785280145883,10.0
1,2,elastic_net,0.5,0.2,0.5342554681024024,0.030129231352910346,9.6
1,2,elastic_net,0.5,0.5,0.5364127421062153,0.027845861608365767,9.2
1,2,elastic_net,0.2,0.2,0.5366630645195227,0.023855802468645403,9.4
1,2,elastic_net,1.0,0.2,0.537328670197604,0.03516780801520092,9.8
1,2,elastic_net,1.0,0.5,0.5382095057513929,0.03361933511035736,9.6
1,2,elastic_net,1.0,0.8,0.5386515009187923,0.03197496638326461,9.4
1,2,elastic_net,0.5,0.8,0.5387488310024489,0.0263997236937049,9.2
1,2,elastic_net,1.0,1.0,0.5388495305801746,0.030845551963716394,9.2
1,2,elastic_net,0.5,1.0,0.5413403864223725,0.02578687463220025,9.0
1,2,elastic_net,2.0,0.2,0.541810332689993,0.03975147329788264,10.0
1,2,elastic_net,2.0,0.5,0.5425013724905889,0.03895982735350776,9.8
1,2,elastic_net,2.0,0.8,0.5428230118720385,0.03824746323572287,9.6
1,2,elastic_net,2.0,1.0,0.5429419608891084,0.03775571437696869,9.6
1,2,elastic_net,5.0,0.2,0.5469066637000226,0.04424181369822339,10.0
1,2,elastic_net,5.0,0.5,0.5470843047325158,0.043907977907874464,10.0
1,2,elastic_net,5.0,0.8,0.5474018026189282,0.043670521317365756,9.8
1,2,elastic_net,5.0,1.0,0.5476769929735857,0.043550820277494205,9.8
1,2,elastic_net,0.1,0.2,0.5481404000323422,0.019232297472863563,9.2
1,2,elastic_net,0.2,0.5,0.5483284657008128,0.022513760334543376,8.8
1,2,elastic_net,10.0,0.2,0.5492782067293835,0.0462298906933235,10.0
1,2,elastic_net,10.0,0.5,0.5493924846113727,0.04610228182820869,10.0
1,2,elastic_net,10.0,0.8,0.5495201569668376,0.04597794696731738,10.0
1,2,elastic_net,10.0,1.0,0.549607216968411,0.045892206802216395,10.0
1,2,elastic_net,0.2,0.8,0.5610393071159601,0.021225695092930978,7.0
1,2,elastic_net,0.2,1.0,0.5675610779604642,0.017217578227376573,5.6
1,2,elastic_net,0.05,0.2,0.5677456798883525,0.012301637917287913,6.6
1,2,elastic_net,0.1,0.5,0.569294596344649,0.01363362786317433,5.6
1,2,elastic_net,0.1,0.8,0.5842097447268942,0.007701432366699902,3.8
1,2,elastic_net,0.1,1.0,0.5926145636829324,0.007318957982372597,1.6
1,2,elastic_net,0.05,0.5,0.5932118313463597,0.007072150792767385,1.8
1,2,elastic_net,0.02,0.2,0.5942242809973584,0.006861151798181767,1.6
1,2,elastic_net,0.05,1.0,0.5965941963219642,0.006200209692321615,0.0
1,2,elastic_net,0.05,0.8,0.5969110465369325,0.005975962065594258,0.0
1,2,elastic_net,0.02,1.0,0.5984640414512243,0.007155547385726745,0.0
1,2,elastic_net,0.01,0.2,0.5985744853415303,0.005438933484623554,0.0
1,2,elastic_net,0.02,0.5,0.5995412917867038,0.005584857908626078,0.0
1,2,elastic_net,0.02,0.8,0.6022839122666415,0.008260319917097338,0.0
1,2,elastic_net,0.01,0.5,0.6044528501118294,0.008563507534691163,0.0
1,2,elastic_net,0.005,0.2,0.6048798466434565,0.00874591392080198,0.0
1,2,elastic_net,0.01,1.0,0.6085109941651197,0.006328822055703645,0.0
1,2,elastic_net,0.005,1.0,0.6104048800463634,0.005298742955837881,0.0
1,2,elastic_net,0.001,1.0,0.6104120194325937,0.005294345097721568,0.0
1,2,elastic_net,0.002,1.0,0.6104120293842539,0.005294352751144393,0.0
1,2,elastic_net,0.01,0.8,0.6150587295183173,0.009342127390106002,0.0
1,2,elastic_net,0.005,0.5,0.6169427201104555,0.008808730210627185,0.0
1,2,elastic_net,0.002,0.2,0.619836286185864,0.009007022973722413,0.0
1,2,elastic_net,0.005,0.8,0.6244631121849777,0.004884228564728562,0.0
1,2,elastic_net,0.002,0.8,0.6252002475475791,0.004805569608941836,0.0
1,2,elastic_net,0.001,0.8,0.6263922291441472,0.004689274368551634,0.0
1,2,elastic_net,0.002,0.5,0.626972456269135,0.004635361690316489,0.0
1,2,elastic_net,0.001,0.5,0.6297698775952723,0.004379894281132192,0.0
1,2,elastic_net,0.001,0.2,0.6328594932918061,0.00412475301185604,0.0
1,2,lasso,1.0,,0.5388495305801746,0.030845551963716394,9.2
1,2,lasso,0.5,,0.5413403864223725,0.02578687463220025,9.0
1,2,lasso,2.0,,0.5429419608891084,0.03775571437696869,9.6
1,2,lasso,5.0,,0.5476769929735857,0.043550820277494205,9.8
1,2,lasso,10.0,,0.549607216968411,0.045892206802216395,10.0
1,2,lasso,0.2,,0.5675610779604642,0.017217578227376573,5.6
1,2,lasso,0.1,,0.5926145636829324,0.007318957982372597,1.6
1,2,lasso,0.05,,0.5965941963219642,0.006200209692321615,0.0
1,2,lasso,0.02,,0.5984640414512243,0.007155547385726745,0.0
1,2,lasso,0.01,,0.6085109941651197,0.006328822055703645,0.0
1,2,lasso,0.005,,0.6104048800463634,0.005298742955837881,0.0
1,2,lasso,0.001,,0.6104120194325937,0.005294345097721568,0.0
1,2,lasso,0.002,,0.6104120293842539,0.005294352751144393,0.0
1,3,ridge,0.2,,0.5543081683605505,0.02258342483818348,10.0
1,3,ridge,0.5,,0.5560652102897932,0.027535049068057683,10.0
1,3,ridge,0.1,,0.5575401613002557,0.018332840265097218,10.0
1,3,ridge,1.0,,0.5594635045076473,0.030290857554643922,10.0
1,3,ridge,2.0,,0.5627532614881977,0.032188738645258105,10.0
1,3,ridge,0.05,,0.5653107379282318,0.014299201775681142,10.0
1,3,ridge,5.0,,0.5658851119838482,0.03372334122800938,10.0
1,3,ridge,10.0,,0.5672957589836084,0.03436804291860787,10.0
1,3,ridge,0.02,,0.5786509048617292,0.010188120960383337,10.0
1,3,ridge,0.01,,0.5875104598652345,0.008437038999283861,10.0
1,3,ridge,0.005,,0.593797471251514,0.007737094951461551,10.0
1,3,ridge,0.002,,0.5985276627610929,0.007565857544702313,10.0
1,3,ridge,0.001,,0.60031747271433,0.0075867177299023016,10.0
1,3,elastic_net,0.5,0.2,0.5558180032524969,0.02568510373416463,9.2
1,3,elastic_net,1.0,0.5,0.5578561523406632,0.027701989534345557,8.8
1,3,elastic_net,1.0,0.8,0.5580897818466,0.026431788052429666,8.6
1,3,elastic_net,0.5,0.5,0.5584236973561824,0.023807059350446923,8.6
1,3,elastic_net,1.0,0.2,0.5585823303002714,0.029237812128015,9.4
1,3,elastic_net,1.0,1.0,0.5591392288425342,0.025882974277111757,8.4
1,3,elastic_net,2.0,1.0,0.5600752135767,0.029468056819776094,9.0
1,3,elastic_net,0.2,0.2,0.5603342832580986,0.020116888296484052,9.2
1,3,elastic_net,2.0,0.8,0.5604626532049691,0.03002483767594953,9.0
1,3,elastic_net,2.0,0.5,0.5611961736762519,0.030859415367771155,9.6
1,3,elastic_net,2.0,0.2,0.5620751250244015,0.03166538862339209,9.8
1,3,elastic_net,0.5,0.8,0.5640749881873935,0.02244067876562856,8.2
1,3,elastic_net,5.0,1.0,0.5643520036740395,0.03268761848384779,9.6
1,3,elastic_net,5.0,0.8,0.5646424718821768,0.03290112349970718,9.8
1,3,elastic_net,5.0,0.5,0.5650942962301557,0.033217851777130235,9.8
1,3,elastic_net,5.0,0.2,0.5655422454436867,0.03352233052970965,10.0
1,3,elastic_net,10.0,1.0,0.5664724771827545,0.033881433237407506,9.8
1,3,elastic_net,10.0,0.8,0.5666338939919175,0.03398391483506264,9.8
1,3,elastic_net,10.0,0.5,0.5668473274279091,0.03412218202807041,10.0
1,3,elastic_net,10.0,0.2,0.5670644724026449,0.03425992401561469,10.0
1,3,elastic_net,0.5,1.0,0.5691613113934335,0.02151093432332663,8.0
1,3,elastic_net,0.1,0.2,0.5761235762094538,0.015774132391594798,9.4
1,3,elastic_net,0.2,0.5,0.5790070540257919,0.017911574958088063,8.4
1,3,elastic_net,0.2,0.8,0.5923758246492581,0.01421967442113296,6.8
1,3,elastic_net,0.05,0.2,0.5945020414122808,0.01027125160826829,7.6
1,3,elastic_net,0.1,0.5,0.5999001332246137,0.011223357791819575,5.8
1,3,elastic_net,0.2,1.0,0.6004411123659634,0.012398998075903648,5.6
1,3,elastic_net,0.1,1.0,0.6026855086478988,0.007819175491766733,0.8
1,3,elastic_net,0.05,0.5,0.6027837461218855,0.007683665963517144,0.8
1,3,elastic_net,0.02,0.2,0.6028058644415386,0.0075634136535991285,0.8
1,3,elastic_net,0.05,0.8,0.6030096287111558,0.007056335581628571,0.0
1,3,elastic_net,0.05,1.0,0.6037252493412122,0.0066975271714491665,0.0
1,3,elastic_net,0.1,0.8,0.6040586634267908,0.009750788935092396,2.0
1,3,elastic_net,0.02,0.5,0.6070490751500899,0.006012020785781995,0.0
1,3,elastic_net,0.01,0.2,0.6072545157111991,0.005978421886200718,0.0
1,3,elastic_net,0.02,0.8,0.609726415377727,0.0064132541414649545,0.0
1,3,elastic_net,0.02,1.0,0.6110471550364215,0.005717125741943537,0.0
1,3,elastic_net,0.005,0.2,0.6120633253923884,0.006627950088803171,0.0
1,3,elastic_net,0.01,1.0,0.6131124213709496,0.004089668647945017,0.0
1,3,elastic_net,0.005,1.0,0.6149537878126857,0.00512195880006243,0.0
1,3,elastic_net,0.001,1.0,0.6149607723778497,0.005118820757982608,0.0
1,3,elastic_net,0.002,1.0,0.6149609525597529,0.005118783976302952,0.0
1,3,elastic_net,0.01,0.5,0.6205509456302635,0.0068484083788089714,0.0
1,3,elastic_net,0.01,0.8,0.6247105114275566,0.0029265127136196816,0.0
1,3,elastic_net,0.005,0.5,0.6254681944050271,0.0029007208045546476,0.0
1,3,elastic_net,0.005,0.8,0.6281206362859704,0.004074608731464902,0.0
1,3,elastic_net,0.002,0.2,0.62818994482514,0.0028730701989420973,0.0
1,3,elastic_net,0.002,0.8,0.6287389162545765,0.004024457171178886,0.0
1,3,elastic_net,0.001,0.8,0.6297372960516506,0.003950130217668189,0.0
1,3,elastic_net,0.002,0.5,0.6302243633488238,0.003915684784541461,0.0
1,3,elastic_net,0.001,0.5,0.6325864354417818,0.0037446184064753385,0.0
1,3,elastic_net,0.001,0.2,0.635224008852836,0.0035626343097379253,0.0
1,3,lasso,1.0,,0.5591392288425342,0.025882974277111757,8.4
1,3,lasso,2.0,,0.5600752135767,0.029468056819776094,9.0
1,3,lasso,5.0,,0.5643520036740395,0.03268761848384779,9.6
1,3,lasso,10.0,,0.5664724771827545,0.033881433237407506,9.8
1,3,lasso,0.5,,0.5691613113934335,0.02151093432332663,8.0
1,3,lasso,0.2,,0.6004411123659634,0.012398998075903648,5.6
1,3,lasso,0.1,,0.6026855086478988,0.007819175491766733,0.8
1,3,lasso,0.05,,0.6037252493412122,0.0066975271714491665,0.0
1,3,lasso,0.02,,0.6110471550364215,0.005717125741943537,0.0
1,3,lasso,0.01,,0.6131124213709496,0.004089668647945017,0.0
1,3,lasso,0.005,,0.6149537878126857,0.00512195880006243,0.0
1,3,lasso,0.001,,0.6149607723778497,0.005118820757982608,0.0
1,3,lasso,0.002,,0.6149609525597529,0.005118783976302952,0.0
1,4,ridge,0.2,,0.5138045128991616,0.0214344055865113,10.0
1,4,ridge,0.5,,0.5166948363322699,0.026089258175450977,10.0
1,4,ridge,0.1,,0.5181524145096394,0.017931539814810785,10.0
1,4,ridge,1.0,,0.5214452038961495,0.028868374798353646,10.0
1,4,ridge,2.0,,0.5257088094748472,0.030792368949365864,10.0
1,4,ridge,5.0,,0.5293159277245726,0.03224511608118034,10.0
1,4,ridge,0.05,,0.5296414980413342,0.015056693408778415,10.0
1,4,ridge,10.0,,0.5307742576940606,0.03279310876871804,10.0
1,4,ridge,0.02,,0.5521505196264149,0.012102313749965123,10.0
1,4,ridge,0.01,,0.5692394707537471,0.010295617522023943,10.0
1,4,ridge,0.005,,0.5825671496191849,0.009030339802840189,10.0
1,4,ridge,0.002,,0.5933202977002702,0.008180566487906304,10.0
1,4,ridge,0.001,,0.5975672944580299,0.007907060350749909,10.0
1,4,elastic_net,0.5,0.5,0.5111547618218248,0.022575067786278907,8.2
1,4,elastic_net,0.5,0.8,0.5115722225066921,0.021183118867067877,7.8
1,4,elastic_net,0.5,1.0,0.5121955367170353,0.020311884562201853,7.2
1,4,elastic_net,1.0,1.0,0.512224930552159,0.024782930970096477,7.8
1,4,elastic_net,1.0,0.8,0.5128377011241768,0.025373628378272076,8.2
1,4,elastic_net,0.5,0.2,0.5132154377754835,0.024466316724390737,9.4
1,4,elastic_net,0.2,0.2,0.5132988737049545,0.01904859336557086,8.8
1,4,elastic_net,1.0,0.5,0.5148970123790704,0.02653918300792977,9.4
1,4,elastic_net,2.0,1.0,0.5177644610417925,0.028271505394323923,9.0
1,4,elastic_net,0.2,0.5,0.5182968503989123,0.016071921642231965,7.4
1,4,elastic_net,1.0,0.2,0.5184680126530018,0.027937204717922322,10.0
1,4,elastic_net,2.0,0.8,0.5189949709761417,0.028763120315386827,9.4
1,4,elastic_net,2.0,0.5,0.5213037869080674,0.029469906597104998,9.8
1,4,elastic_net,0.1,0.2,0.5236382230007344,0.015266486301424466,8.2
1,4,elastic_net,2.0,0.2,0.5238208930982097,0.030235976025719393,10.0
1,4,elastic_net,5.0,1.0,0.5253791426928637,0.031107865367609826,9.8
1,4,elastic_net,5.0,0.8,0.5261402250587033,0.03133436812771869,9.8
1,4,elastic_net,5.0,0.5,0.527312672129175,0.03168236943622361,9.8
1,4,elastic_net,5.0,0.2,0.5284863852213402,0.032021531321831144,10.0
1,4,elastic_net,10.0,1.0,0.5286697718553982,0.03220926843684179,10.0
1,4,elastic_net,0.2,0.8,0.5289688447507714,0.013395927769572682,7.2
1,4,elastic_net,10.0,0.8,0.5290718963676851,0.03232439453598073,10.0
1,4,elastic_net,10.0,0.5,0.5296858791935841,0.032498197015289006,10.0
1,4,elastic_net,10.0,0.2,0.5302920614368603,0.03266897789099646,10.0
1,4,elastic_net,0.2,1.0,0.538212471256049,0.012698820528409151,6.4
1,4,elastic_net,0.1,0.5,0.5470277155143378,0.012643649331969129,6.6
1,4,elastic_net,0.05,0.2,0.5505810621278476,0.012334460387557422,7.0
1,4,elastic_net,0.1,0.8,0.5741223772520616,0.011674058102878575,4.0
1,4,elastic_net,0.1,1.0,0.5870964031348145,0.010722385398556156,2.4
1,4,elastic_net,0.05,0.5,0.5903110357522486,0.00980346964811505,2.6
1,4,elastic_net,0.02,0.2,0.595002711777548,0.008822039988239907,2.8
1,4,elastic_net,0.05,1.0,0.6025326713298591,0.007043092844965768,0.0
1,4,elastic_net,0.05,0.8,0.6026376462367391,0.0071863592605752044,0.2
1,4,elastic_net,0.01,0.2,0.6041118550432698,0.006357060338842485,0.0
1,4,elastic_net,0.02,0.5,0.6048919794623903,0.00642918976076099,0.0
1,4,elastic_net,0.02,1.0,0.6138581725337925,0.005981615355854305,0.0
1,4,elastic_net,0.01,1.0,0.6152803867451526,0.004640485143391805,0.0
1,4,elastic_net,0.005,1.0,0.6181807255078892,0.006052195581099258,0.0
1,4,elastic_net,0.002,1.0,0.6181968234060466,0.006055756125823957,0.0
1,4,elastic_net,0.001,1.0,0.6181970546237971,0.006055909945126731,0.0
1,4,elastic_net,0.02,0.8,0.6204240256131979,0.007338562909758754,0.0
1,4,elastic_net,0.01,0.5,0.6230620251141838,0.007698194834268949,0.0
1,4,elastic_net,0.01,0.8,0.6231659836183046,0.007352152757616875,0.0
1,4,elastic_net,0.005,0.2,0.6232154023989391,0.00789798086832309,0.0
1,4,elastic_net,0.005,0.8,0.6267122937909118,0.004207622871731551,0.0
1,4,elastic_net,0.005,0.5,0.6273257949203955,0.004204541129048172,0.0
1,4,elastic_net,0.002,0.2,0.6302016899611861,0.004220181915911583,0.0
1,4,elastic_net,0.002,0.8,0.6319959493959605,0.005454392385892018,0.0
1,4,elastic_net,0.001,0.8,0.6330748874557313,0.005398919256955022,0.0
1,4,elastic_net,0.002,0.5,0.6335923524551211,0.005369847146503919,0.0
1,4,elastic_net,0.001,0.5,0.6361187404639497,0.005232930114821028,0.0
1,4,elastic_net,0.001,0.2,0.6388944540933468,0.005068096440121427,0.0
1,4,lasso,0.5,,0.5121955367170353,0.020311884562201853,7.2
1,4,lasso,1.0,,0.512224930552159,0.024782930970096477,7.8
1,4,lasso,2.0,,0.5177644610417925,0.028271505394323923,9.0
1,4,lasso,5.0,,0.5253791426928637,0.031107865367609826,9.8
1,4,lasso,10.0,,0.5286697718553982,0.03220926843684179,10.0
1,4,lasso,0.2,,0.538212471256049,0.012698820528409151,6.4
1,4,lasso,0.1,,0.5870964031348145,0.010722385398556156,2.4
1,4,lasso,0.05,,0.6025326713298591,0.007043092844965768,0.0
1,4,lasso,0.02,,0.6138581725337925,0.005981615355854305,0.0
1,4,lasso,0.01,,0.6152803867451526,0.004640485143391805,0.0
1,4,lasso,0.005,,0.6181807255078892,0.006052195581099258,0.0
1,4,lasso,0.002,,0.6181968234060466,0.006055756125823957,0.0
1,4,lasso,0.001,,0.6181970546237971,0.006055909945126731,0.0
1,5,ridge,0.05,,0.5816463321360437,0.02211213717546779,10.0
1,5,ridge,0.02,,0.5848627942492814,0.012015309784422532,10.0
1,5,ridge,0.1,,0.5859520443297914,0.03264490726252351,10.0
1,5,ridge,0.01,,0.5901519201034932,0.00809384860390261,10.0
1,5,ridge,0.005,,0.5949020139395607,0.006982062997876534,10.0
1,5,ridge,0.2,,0.5969510443214847,0.04488092900130467,10.0
1,5,ridge,0.002,,0.5988946295538206,0.007133074756289892,10.0
1,5,ridge,0.001,,0.6004859821683952,0.007353512683165259,10.0
1,5,ridge,0.5,,0.617700054167782,0.061478562131909796,10.0
1,5,ridge,1.0,,0.6329658447578334,0.07222339042273224,10.0
1,5,ridge,2.0,,0.6446861626095102,0.08018760900198346,10.0
1,5,ridge,5.0,,0.654191090022264,0.08650111340745825,10.0
1,5,ridge,10.0,,0.6579205428076395,0.08899775751528312,10.0
1,5,elastic_net,0.1,0.2,0.5899827991464217,0.026641858380736412,8.2
1,5,elastic_net,0.2,0.2,0.5947456946530338,0.04022104757767684,9.0
1,5,elastic_net,0.05,0.2,0.598623507598308,0.012819510358929309,6.8
1,5,elastic_net,0.2,0.5,0.5994829703379659,0.03477645676445093,8.2
1,5,elastic_net,0.05,1.0,0.6027450723951807,0.007030627346251165,0.0
1,5,elastic_net,0.05,0.8,0.6028528544457006,0.007112046714983301,0.0
1,5,elastic_net,0.01,0.2,0.6040882311491284,0.006377663368212975,0.0
1,5,elastic_net,0.02,0.2,0.6042475799259586,0.007534116162477783,1.2
1,5,elastic_net,0.02,1.0,0.6053854901472537,0.007828612361438853,0.0
1,5,elastic_net,0.02,0.5,0.6054952669631557,0.0058567867976939934,0.0
1,5,elastic_net,0.1,0.5,0.6061215101501647,0.015670838630372753,6.2
1,5,elastic_net,0.05,0.5,0.6066097812108264,0.0076114841622805145,1.2
1,5,elastic_net,0.2,0.8,0.6081087637978291,0.027839861860281166,6.6
1,5,elastic_net,0.02,0.8,0.6081489635258694,0.006902137392446552,0.0
1,5,elastic_net,0.1,1.0,0.6092706660145797,0.007982150513526739,1.2
1,5,elastic_net,0.005,0.2,0.609437019176743,0.006883957119081437,0.0
1,5,elastic_net,0.5,0.8,0.6118182783874152,0.05197109110529765,8.8
1,5,elastic_net,0.2,1.0,0.6122135055419843,0.022568332348166215,6.2
1,5,elastic_net,0.5,0.5,0.6124659889718724,0.05520251305544865,9.2
1,5,elastic_net,0.5,1.0,0.6126005895864672,0.05012532279417932,8.2
1,5,elastic_net,0.1,0.8,0.6141456203413804,0.00999501289216463,3.0
1,5,elastic_net,0.5,0.2,0.6151801609699634,0.059061247648611946,9.4
1,5,elastic_net,0.01,0.5,0.6182786863117202,0.008889018372902428,0.0
1,5,elastic_net,0.01,1.0,0.6184137577054545,0.0027013715179762783,0.0
1,5,elastic_net,0.005,1.0,0.6184365640997603,0.0026886709849297777,0.0
1,5,elastic_net,0.001,1.0,0.6184511042502663,0.0026808980706334827,0.0
1,5,elastic_net,0.002,1.0,0.6184529123180893,0.0026797738854916534,0.0
1,5,elastic_net,0.01,0.8,0.6234831727586245,0.00744694954894013,0.0
1,5,elastic_net,1.0,1.0,0.6267332333983835,0.0656729711107823,9.2
1,5,elastic_net,1.0,0.8,0.6278543334198738,0.06708313736045883,9.2
1,5,elastic_net,1.0,0.5,0.6297066288547701,0.06908745149670047,9.2
1,5,elastic_net,0.005,0.8,0.6311065906826924,0.0018693001091542672,0.0
1,5,elastic_net,1.0,0.2,0.6317109673506327,0.07096070701018711,9.4
1,5,elastic_net,0.005,0.5,0.6318533407510728,0.0018273537501015005,0.0
1,5,elastic_net,0.002,0.8,0.6318710022013667,0.0018204271571750639,0.0
1,5,elastic_net,0.001,0.8,0.6330908785098084,0.0017558967032180889,0.0
1,5,elastic_net,0.002,0.5,0.6336845333459609,0.0017285611392670636,0.0
1,5,elastic_net,0.002,0.2,0.6354036765188773,0.0016483406447237558,0.0
1,5,elastic_net,0.001,0.5,0.6365264714747658,0.0015979114637409161,0.0
1,5,elastic_net,0.001,0.2,0.6396335896169546,0.0014848589322514823,0.0
1,5,elastic_net,2.0,1.0,0.6414394556885639,0.07716562531834953,9.2
1,5,elastic_net,2.0,0.8,0.6421713616264635,0.0777762164014145,9.2
1,5,elastic_net,2.0,0.5,0.6431846592946308,0.07866029619457518,9.6
1,5,elastic_net,2.0,0.2,0.6439055902401967,0.07953069577615852,9.8
1,5,elastic_net,5.0,1.0,0.6528553723329509,0.08537169307090542,9.6
1,5,elastic_net,5.0,0.8,0.6530550120468274,0.08557769099469714,9.8
1,5,elastic_net,5.0,0.5,0.6533475896887122,0.08588632700114843,9.8
1,5,elastic_net,5.0,0.2,0.6536720545908811,0.08617656814846095,10.0
1,5,elastic_net,10.0,1.0,0.6571081167758424,0.08838681945267696,9.8
1,5,elastic_net,10.0,0.8,0.6572056377586343,0.0884808787009541,9.8
1,5,elastic_net,10.0,0.5,0.6573766084398,0.0886189441288893,10.0
1,5,elastic_net,10.0,0.2,0.6575445485510496,0.08874574688991918,10.0
1,5,lasso,0.05,,0.6027450723951807,0.007030627346251165,0.0
1,5,lasso,0.02,,0.6053854901472537,0.007828612361438853,0.0
1,5,lasso,0.1,,0.6092706660145797,0.007982150513526739,1.2
1,5,lasso,0.2,,0.6122135055419843,0.022568332348166215,6.2
1,5,lasso,0.5,,0.6126005895864672,0.05012532279417932,8.2
1,5,lasso,0.01,,0.6184137577054545,0.0027013715179762783,0.0
1,5,lasso,0.005,,0.6184365640997603,0.0026886709849297777,0.0
1,5,lasso,0.001,,0.6184511042502663,0.0026808980706334827,0.0
1,5,lasso,0.002,,0.6184529123180893,0.0026797738854916534,0.0
1,5,lasso,1.0,,0.6267332333983835,0.0656729711107823,9.2
1,5,lasso,2.0,,0.6414394556885639,0.07716562531834953,9.2
1,5,lasso,5.0,,0.6528553723329509,0.08537169307090542,9.6
1,5,lasso,10.0,,0.6571081167758424,0.08838681945267696,9.8
2,1,ridge,0.2,,0.5377819623460484,0.05141274145145417,10.0
2,1,ridge,0.1,,0.5400184587387887,0.04077116447235371,10.0
2,1,ridge,0.5,,0.5427817158440511,0.06390717118793751,10.0
2,1,ridge,0.05,,0.5483229684109203,0.03037102188842406,10.0
2,1,ridge,1.0,,0.5491900048008875,0.07117804141685753,10.0
2,1,ridge,2.0,,0.554986437166615,0.07618447492991581,10.0
2,1,ridge,5.0,,0.5602521136457403,0.07993269872308094,10.0
2,1,ridge,10.0,,0.5625305829812015,0.08138247043440254,10.0
2,1,ridge,0.02,,0.5644391349291717,0.018880465008948234,10.0
2,1,ridge,0.01,,0.576097509655773,0.012868380373885454,10.0
2,1,ridge,0.005,,0.5849184213066783,0.009295171958449982,10.0
2,1,ridge,0.002,,0.5919005284231451,0.0072521936259490865,10.0
2,1,ridge,0.001,,0.594630123862296,0.006708871803767089,10.0
2,1,elastic_net,0.5,0.2,0.5463172957854344,0.062422610436290826,9.8
2,1,elastic_net,1.0,0.2,0.54965063051203,0.06968377842722374,10.0
2,1,elastic_net,0.2,0.2,0.5501101658859346,0.048716156635300864,10.0
2,1,elastic_net,1.0,0.5,0.5517492144348297,0.06818142943199589,9.6
2,1,elastic_net,0.5,0.5,0.5531860142076434,0.06004661629263488,9.6
2,1,elastic_net,1.0,0.8,0.5546932953469726,0.06693591311228572,9.6
2,1,elastic_net,2.0,0.2,0.5550979918719794,0.07542410237998858,10.0
2,1,elastic_net,2.0,0.5,0.555419923041607,0.07429555105461334,10.0
2,1,elastic_net,2.0,0.8,0.5557391812415202,0.07310285670350791,9.8
2,1,elastic_net,2.0,1.0,0.5559950181034681,0.07227831457012936,9.8
2,1,elastic_net,1.0,1.0,0.5570495693580313,0.06609526463921472,9.6
2,1,elastic_net,5.0,0.2,0.5602630349305576,0.07963521062253864,10.0
2,1,elastic_net,5.0,0.5,0.5603736730075566,0.07919859325516934,10.0
2,1,elastic_net,5.0,0.8,0.5604956730802653,0.0787517650250135,9.8
2,1,elastic_net,5.0,1.0,0.5605625818215939,0.07844208822580834,9.8
2,1,elastic_net,0.5,0.8,0.5622118957075656,0.05770931379883184,9.6
2,1,elastic_net,10.0,0.2,0.5625210839295995,0.08122543668401684,10.0
2,1,elastic_net,10.0,0.5,0.562582895045616,0.0810111583923832,10.0
2,1,elastic_net,10.0,0.8,0.5626531686453913,0.08079438701827275,10.0
2,1,elastic_net,10.0,1.0,0.5627011642444334,0.08064753644060019,10.0
2,1,elastic_net,0.1,0.2,0.5661228078548148,0.036516313646983635,9.8
2,1,elastic_net,0.5,1.0,0.5698760041053332,0.056401486304049175,9.6
2,1,elastic_net,0.2,0.5,0.5752904795213469,0.045550990926781394,9.4
2,1,elastic_net,0.05,0.2,0.5882747750422593,0.020147110391764464,8.2
2,1,elastic_net,0.2,0.8,0.5904389583018943,0.036018356363222426,7.8
2,1,elastic_net,0.1,0.5,0.5971038152611904,0.023350652033887996,7.0
2,1,elastic_net,0.05,1.0,0.5977057096361305,0.005886897539888048,0.0
2,1,elastic_net,0.05,0.8,0.5977388942252266,0.005752468177835028,0.2
2,1,elastic_net,0.2,1.0,0.5993924329737506,0.03023390889313702,6.8
2,1,elastic_net,0.02,0.5,0.5999377152746622,0.00525700830122166,0.0
2,1,elastic_net,0.01,0.2,0.6001054571156355,0.0052307883190777765,0.0
2,1,elastic_net,0.02,0.2,0.6021847732423301,0.006193913338662977,1.4
2,1,elastic_net,0.02,1.0,0.6027904950710017,0.00747931971421799,0.0
2,1,elastic_net,0.05,0.5,0.6056933422082817,0.007506840713927557,1.4
2,1,elastic_net,0.01,1.0,0.6085785068364958,0.005687657440778031,0.0
2,1,elastic_net,0.02,0.8,0.6087664986636911,0.008689069581695285,0.0
2,1,elastic_net,0.1,1.0,0.609459694089448,0.009445783938133494,1.4
2,1,elastic_net,0.01,0.8,0.6108568730836021,0.008982739755433067,0.0
2,1,elastic_net,0.01,0.5,0.611107444406846,0.009015012481157228,0.0
2,1,elastic_net,0.005,0.2,0.6119754046061769,0.0091107495746882,0.0
2,1,elastic_net,0.001,1.0,0.6128301341885246,0.0040208525330441836,0.0
2,1,elastic_net,0.002,1.0,0.6128307691989541,0.004021118132276652,0.0
2,1,elastic_net,0.005,1.0,0.6128386819302762,0.004024389597415672,0.0
2,1,elastic_net,0.1,0.8,0.6132257833454109,0.011390152898039949,3.4
2,1,elastic_net,0.005,0.5,0.6214385851536158,0.006510916164746513,0.0
2,1,elastic_net,0.002,0.2,0.6243790361544557,0.006580761464409471,0.0
2,1,elastic_net,0.005,0.8,0.627130301375358,0.0031985337144119844,0.0
2,1,elastic_net,0.002,0.8,0.6278261937750085,0.0031786234865827647,0.0
2,1,elastic_net,0.001,0.8,0.6289655187501892,0.003152266432639801,0.0
2,1,elastic_net,0.002,0.5,0.6295260720021405,0.0031416955866245453,0.0
2,1,elastic_net,0.001,0.5,0.6321894439854646,0.0030874210177210563,0.0
2,1,elastic_net,0.001,0.2,0.6351403397768085,0.003035409805393361,0.0
2,1,lasso,2.0,,0.5559950181034681,0.07227831457012936,9.8
2,1,lasso,1.0,,0.5570495693580313,0.06609526463921472,9.6
2,1,lasso,5.0,,0.5605625818215939,0.07844208822580834,9.8
2,1,lasso,10.0,,0.5627011642444334,0.08064753644060019,10.0
2,1,lasso,0.5,,0.5698760041053332,0.056401486304049175,9.6
2,1,lasso,0.05,,0.5977057096361305,0.005886897539888048,0.0
2,1,lasso,0.2,,0.5993924329737506,0.03023390889313702,6.8
2,1,lasso,0.02,,0.6027904950710017,0.00747931971421799,0.0
2,1,lasso,0.01,,0.6085785068364958,0.005687657440778031,0.0
2,1,lasso,0.1,,0.609459694089448,0.009445783938133494,1.4
2,1,lasso,0.001,,0.6128301341885246,0.0040208525330441836,0.0
2,1,lasso,0.002,,0.6128307691989541,0.004021118132276652,0.0
2,1,lasso,0.005,,0.6128386819302762,0.004024389597415672,0.0
2,2,ridge,0.05,,0.5654459969875965,0.014682564796029437,10.0
2,2,ridge,0.02,,0.5701109612302275,0.009954322324491168,10.0
2,2,ridge,0.1,,0.5709533039010467,0.019675376648667066,10.0
2,2,ridge,0.01,,0.5776697512836384,0.008060642393300399,10.0
2,2,ridge,0.2,,0.5841189397326441,0.025489868558135936,10.0
2,2,ridge,0.005,,0.5846263238466415,0.007255181114755699,10.0
2,2,ridge,0.002,,0.5906432526577149,0.006866421271811365,10.0
2,2,ridge,0.001,,0.5930874845203304,0.0067447159471997545,10.0
2,2,ridge,0.5,,0.6064650722616917,0.033362874827407484,10.0
2,2,ridge,1.0,,0.6210368135165616,0.03813418511478232,10.0
2,2,ridge,2.0,,0.6313047767728028,0.04139140095046856,10.0
2,2,ridge,5.0,,0.6389690871939689,0.04380203689104352,10.0
2,2,ridge,10.0,,0.6418429132837206,0.044704697604715224,10.0
2,2,elastic_net,0.1,0.2,0.5684353281076719,0.01796827238252489,8.0
2,2,elastic_net,0.2,0.5,0.5710407269137161,0.021963748525910615,7.4
2,2,elastic_net,0.2,0.2,0.5758420166688315,0.024184445786359504,8.8
2,2,elastic_net,0.2,0.8,0.5770910982282492,0.01652125212665873,6.4
2,2,elastic_net,0.05,0.2,0.5780582081721051,0.010951813208410401,5.6
2,2,elastic_net,0.5,1.0,0.5787729464158187,0.03038366235079129,8.0
2,2,elastic_net,0.1,0.5,0.5806177293733705,0.01113892782686766,5.6
2,2,elastic_net,0.2,1.0,0.581018019233818,0.012837580391029313,5.4
2,2,elastic_net,0.5,0.8,0.5829627534390858,0.030792185144116375,8.0
2,2,elastic_net,0.5,0.5,0.5899761337196244,0.03122408298277157,9.4
2,2,elastic_net,0.1,0.8,0.5939759998224554,0.010186442511686147,4.2
2,2,elastic_net,0.05,1.0,0.596451513705247,0.00594892017763147,0.0
2,2,elastic_net,0.02,0.2,0.5965052472896911,0.007387985358422966,1.6
2,2,elastic_net,0.05,0.8,0.5971091574199964,0.00585701321813683,0.0
2,2,elastic_net,0.05,0.5,0.597282141730988,0.008092308347234066,1.6
2,2,elastic_net,0.1,1.0,0.5982286095502793,0.008848387716594082,1.4
2,2,elastic_net,0.01,0.2,0.5990527676057805,0.005229158716550649,0.0
2,2,elastic_net,0.5,0.2,0.5992890167021531,0.032083811164396916,9.4
2,2,elastic_net,1.0,1.0,0.6004700984773844,0.03545575681292774,9.4
2,2,elastic_net,0.02,0.5,0.6016564088912506,0.005688168789128977,0.0
2,2,elastic_net,0.02,1.0,0.6018053896118075,0.006364031657138541,0.0
2,2,elastic_net,1.0,0.8,0.6042944273152349,0.03574935225335133,9.4
2,2,elastic_net,0.02,0.8,0.6063254038529335,0.007526016561486961,0.0
2,2,elastic_net,0.01,0.5,0.6077842866608355,0.007867066384989506,0.0
2,2,elastic_net,0.005,0.2,0.608477923536837,0.008022737134310017,0.0
2,2,elastic_net,1.0,0.5,0.6103721218845943,0.03632216149404224,9.4
2,2,elastic_net,0.01,0.8,0.6137065465348985,0.01069288361904233,0.0
2,2,elastic_net,0.01,1.0,0.6157572665839497,0.006143020131953411,0.0
2,2,elastic_net,0.002,1.0,0.6157623259420963,0.00616514096556815,0.0
2,2,elastic_net,0.001,1.0,0.6157624355448261,0.006165939479199429,0.0
2,2,elastic_net,0.005,1.0,0.6157935785884956,0.006147809573778734,0.0
2,2,elastic_net,1.0,0.2,0.6166979255050837,0.037165010961650834,9.8
2,2,elastic_net,2.0,1.0,0.6194067781768119,0.039422170042975616,9.6
2,2,elastic_net,2.0,0.8,0.6217252751300439,0.039691725586098965,9.6
2,2,elastic_net,2.0,0.5,0.6252513976093292,0.04015841950215204,9.8
2,2,elastic_net,2.0,0.2,0.6288914753382893,0.04081792443302318,10.0
2,2,elastic_net,0.005,0.8,0.63022969069772,0.005610949246124039,0.0
2,2,elastic_net,0.002,0.8,0.6309422908974021,0.005579873548082145,0.0
2,2,elastic_net,0.005,0.5,0.6309439489106193,0.00556516672427461,0.0
2,2,elastic_net,0.001,0.8,0.6321297726086705,0.005507160441698256,0.0
2,2,elastic_net,0.002,0.5,0.6327289253755006,0.005458556620475564,0.0
2,2,elastic_net,5.0,1.0,0.6337442063370803,0.04273155379256779,9.8
2,2,elastic_net,0.002,0.2,0.634401352853141,0.005341041741656608,0.0
2,2,elastic_net,5.0,0.8,0.6347665551862111,0.04289073852463397,9.8
2,2,elastic_net,0.001,0.5,0.6354740586932979,0.005282976081773557,0.0
2,2,elastic_net,5.0,0.5,0.6363573016818299,0.04318896449728423,10.0
2,2,elastic_net,5.0,0.2,0.6379843839773665,0.04353087112689041,10.0
2,2,elastic_net,0.001,0.2,0.6385254048504626,0.0050556914052947025,0.0
2,2,elastic_net,10.0,1.0,0.639164139055252,0.04407762049699424,10.0
2,2,elastic_net,10.0,0.8,0.6397224023328489,0.04419356549066729,10.0
2,2,elastic_net,10.0,0.5,0.6405605154564433,0.044368742384862124,10.0
2,2,elastic_net,10.0,0.2,0.6413982234824395,0.04454633063548675,10.0
2,2,lasso,0.5,,0.5787729464158187,0.03038366235079129,8.0
2,2,lasso,0.2,,0.581018019233818,0.012837580391029313,5.4
2,2,lasso,0.05,,0.596451513705247,0.00594892017763147,0.0
2,2,lasso,0.1,,0.5982286095502793,0.008848387716594082,1.4
2,2,lasso,1.0,,0.6004700984773844,0.03545575681292774,9.4
2,2,lasso,0.02,,0.6018053896118075,0.006364031657138541,0.0
2,2,lasso,0.01,,0.6157572665839497,0.006143020131953411,0.0
2,2,lasso,0.002,,0.6157623259420963,0.00616514096556815,0.0
2,2,lasso,0.001,,0.6157624355448261,0.006165939479199429,0.0
2,2,lasso,0.005,,0.6157935785884956,0.006147809573778734,0.0
2,2,lasso,2.0,,0.6194067781768119,0.039422170042975616,9.6
2,2,lasso,5.0,,0.6337442063370803,0.04273155379256779,9.8
2,2,lasso,10.0,,0.639164139055252,0.04407762049699424,10.0
2,3,ridge,0.05,,0.5781646067952936,0.01820892330203638,10.0
2,3,ridge,0.1,,0.5804257731233571,0.02391300416418106,10.0
2,3,ridge,0.02,,0.5822196104313285,0.01274015370432399,10.0
2,3,ridge,0.2,,0.5874030482639367,0.030104116196252174,10.0
2,3,ridge,0.01,,0.5878868421512957,0.010256966173681551,10.0
2,3,ridge,0.005,,0.5932149828803461,0.0088894592881135,10.0
2,3,ridge,0.002,,0.5979856899225756,0.00810134253178333,10.0
2,3,ridge,0.001,,0.5999782137874725,0.007866123889365837,10.0
2,3,ridge,0.5,,0.6005599436232233,0.03697821527955237,10.0
2,3,ridge,1.0,,0.6105542430534868,0.03995698562581657,10.0
2,3,ridge,2.0,,0.619050988839071,0.04115691797084333,10.0
2,3,ridge,5.0,,0.6271575631086546,0.04115582187222283,10.0
2,3,ridge,10.0,,0.6310607280917612,0.04083576447616933,10.0
2,3,elastic_net,0.2,0.2,0.5876933102922302,0.0283503430300686,9.4
2,3,elastic_net,0.1,0.2,0.5877245515623508,0.021981547025208478,9.0
2,3,elastic_net,0.2,0.5,0.5953781392682043,0.026261615744300464,8.4
2,3,elastic_net,0.05,0.2,0.596552929191513,0.016540396660242065,7.2
2,3,elastic_net,0.5,0.5,0.5981587458790864,0.035305408097728995,9.4
2,3,elastic_net,0.5,0.8,0.598736172422309,0.034143992244410906,8.6
2,3,elastic_net,0.5,0.2,0.5990073971138671,0.03612227646692507,9.6
2,3,elastic_net,0.5,1.0,0.6000801837606468,0.033184845199601194,8.6
2,3,elastic_net,0.05,0.8,0.6031436473352041,0.007486380731834789,0.0
2,3,elastic_net,0.1,0.5,0.6031914728808172,0.01880372093241409,6.0
2,3,elastic_net,0.05,1.0,0.6033242179809261,0.00772415266247551,0.0
2,3,elastic_net,0.01,0.2,0.6033764826282789,0.007013009382143327,0.0
2,3,elastic_net,0.2,0.8,0.6038081183511992,0.024346591856554373,7.0
2,3,elastic_net,0.02,0.2,0.6038695971204423,0.008675926209110563,1.4
2,3,elastic_net,0.02,0.5,0.6039136182022371,0.0068543361975074765,0.0
2,3,elastic_net,0.05,0.5,0.6053413916616261,0.009642228417192087,1.4
2,3,elastic_net,0.1,0.8,0.6059852839204293,0.013567249198486385,2.4
2,3,elastic_net,1.0,1.0,0.6063282613308367,0.03836025343431774,9.0
2,3,elastic_net,0.1,1.0,0.6067299337901274,0.010578607404886494,1.4
2,3,elastic_net,0.2,1.0,0.6071268494870836,0.022280791576030433,6.0
2,3,elastic_net,1.0,0.8,0.6073676348194835,0.038793722023709974,9.4
2,3,elastic_net,0.02,1.0,0.6079378387026192,0.006107971254344425,0.0
2,3,elastic_net,1.0,0.5,0.6083697648165952,0.03909585085766307,9.6
2,3,elastic_net,1.0,0.2,0.6095545125370168,0.03951180134923903,9.6
2,3,elastic_net,0.01,1.0,0.6099856255695878,0.007351778386271134,0.0
2,3,elastic_net,0.005,1.0,0.612013299618443,0.0059563779092577426,0.0
2,3,elastic_net,0.001,1.0,0.6120182600066205,0.005955089519237472,0.0
2,3,elastic_net,0.002,1.0,0.6120182600066205,0.005955089519237472,0.0
2,3,elastic_net,0.02,0.8,0.6126704096090544,0.005152774497934967,0.0
2,3,elastic_net,0.01,0.5,0.6130377173323576,0.005170345501203274,0.0
2,3,elastic_net,0.005,0.2,0.6138371716154476,0.005133311322268133,0.0
2,3,elastic_net,0.01,0.8,0.6169329488488087,0.007549964400588253,0.0
2,3,elastic_net,2.0,1.0,0.6179043000411533,0.039794646093103896,9.6
2,3,elastic_net,2.0,0.8,0.6179904123138922,0.04006784403598614,9.6
2,3,elastic_net,0.005,0.5,0.6181135872777602,0.007628098360220462,0.0
2,3,elastic_net,2.0,0.5,0.6183173091968109,0.0404711924289165,9.6
2,3,elastic_net,2.0,0.2,0.6188058797726839,0.04089784737718536,9.8
2,3,elastic_net,0.002,0.2,0.6214203953780894,0.007783463781527042,0.0
2,3,elastic_net,0.005,0.8,0.6215317919958275,0.005343480346245334,0.0
2,3,elastic_net,0.002,0.8,0.6223198753433019,0.005294528118100278,0.0
2,3,elastic_net,0.001,0.8,0.6236051819026168,0.0052167306241833284,0.0
2,3,elastic_net,0.002,0.5,0.6242393002959064,0.005177997723583321,0.0
2,3,elastic_net,0.001,0.5,0.6273232948696408,0.004992561229823866,0.0
2,3,elastic_net,5.0,0.2,0.6273501485921456,0.04104042685400732,10.0
2,3,elastic_net,5.0,0.5,0.6276363518941308,0.04076153148771681,9.6
2,3,elastic_net,5.0,0.8,0.6278290064202906,0.040418247079126515,9.6
2,3,elastic_net,5.0,1.0,0.6280383574493298,0.04017243834891625,9.6
2,3,elastic_net,0.001,0.2,0.6307966760575218,0.004779624507443159,0.0
2,3,elastic_net,10.0,0.2,0.6311852798786017,0.040774517130950545,10.0
2,3,elastic_net,10.0,0.5,0.6315614919749322,0.04061181918263029,9.8
2,3,elastic_net,10.0,0.8,0.6319651518362626,0.040439738413088004,9.8
2,3,elastic_net,10.0,1.0,0.6321617974753275,0.04029148303125147,9.6
2,3,lasso,0.5,,0.6000801837606468,0.033184845199601194,8.6
2,3,lasso,0.05,,0.6033242179809261,0.00772415266247551,0.0
2,3,lasso,1.0,,0.6063282613308367,0.03836025343431774,9.0
2,3,lasso,0.1,,0.6067299337901274,0.010578607404886494,1.4
2,3,lasso,0.2,,0.6071268494870836,0.022280791576030433,6.0
2,3,lasso,0.02,,0.6079378387026192,0.006107971254344425,0.0
2,3,lasso,0.01,,0.6099856255695878,0.007351778386271134,0.0
2,3,lasso,0.005,,0.612013299618443,0.0059563779092577426,0.0
2,3,lasso,0.001,,0.6120182600066205,0.005955089519237472,0.0
2,3,lasso,0.002,,0.6120182600066205,0.005955089519237472,0.0
2,3,lasso,2.0,,0.6179043000411533,0.039794646093103896,9.6
2,3,lasso,5.0,,0.6280383574493298,0.04017243834891625,9.6
2,3,lasso,10.0,,0.6321617974753275,0.04029148303125147,9.6
2,4,ridge,0.1,,0.5477042402912408,0.019970156145173782,10.0
2,4,ridge,0.2,,0.5484951434940523,0.023369251356607525,10.0
2,4,ridge,0.05,,0.553003495293144,0.01670537970680284,10.0
2,4,ridge,0.5,,0.5566305539764286,0.028791678270067185,10.0
2,4,ridge,1.0,,0.5650725938855496,0.0337307098738823,10.0
2,4,ridge,0.02,,0.5672255980372928,0.012539973619430067,10.0
2,4,ridge,2.0,,0.5724620200552921,0.038118006612900504,10.0
2,4,ridge,5.0,,0.5788596621674401,0.041985363141409326,10.0
2,4,ridge,0.01,,0.579057080770613,0.010177108564304675,10.0
2,4,ridge,10.0,,0.5815242351763891,0.04358280736061722,10.0
2,4,ridge,0.005,,0.5884465381302372,0.00882888282170341,10.0
2,4,ridge,0.002,,0.5960100076221195,0.008074592856371753,10.0
2,4,ridge,0.001,,0.5989820522854192,0.007853830731122034,10.0
2,4,elastic_net,0.5,1.0,0.5417010956473657,0.01673527605437669,8.2
2,4,elastic_net,0.5,0.8,0.5430915768824699,0.0180888674665152,8.2
2,4,elastic_net,0.2,0.5,0.5434386603056203,0.014392663552512132,7.6
2,4,elastic_net,0.2,0.2,0.5455893631928458,0.018820918061229187,9.0
2,4,elastic_net,0.5,0.5,0.5475789450697893,0.021165202623632362,9.0
2,4,elastic_net,0.1,0.2,0.5487011487634442,0.01428529435498691,8.0
2,4,elastic_net,0.2,0.8,0.5487730023501436,0.012577538882035012,6.8
2,4,elastic_net,1.0,1.0,0.5506827214372245,0.022864314296133982,9.0
2,4,elastic_net,0.5,0.2,0.5531833862520316,0.025080816409153668,9.8
2,4,elastic_net,1.0,0.8,0.5535595489917821,0.024489009218698135,9.2
2,4,elastic_net,0.2,1.0,0.55458674855971,0.011246249477610005,6.0
2,4,elastic_net,1.0,0.5,0.5582669217509062,0.027383395584888413,9.6
2,4,elastic_net,0.1,0.5,0.5618683455712888,0.0108965461404055,5.8
2,4,elastic_net,1.0,0.2,0.562401816363692,0.031118312828570336,10.0
2,4,elastic_net,2.0,1.0,0.5636019926300777,0.03061579864661778,9.6
2,4,elastic_net,2.0,0.8,0.5655908907119696,0.03201682411009225,9.6
2,4,elastic_net,0.05,0.2,0.5660481258126319,0.010984015608849337,7.0
2,4,elastic_net,2.0,0.5,0.5682841397062828,0.03427054261335238,10.0
2,4,elastic_net,2.0,0.2,0.5708090799657194,0.03658476777811572,10.0
2,4,elastic_net,5.0,1.0,0.5751035437089029,0.03863983365305509,10.0
2,4,elastic_net,5.0,0.8,0.5758813812032404,0.039324705189587916,10.0
2,4,elastic_net,5.0,0.5,0.5770336869529142,0.04034337113714507,10.0
2,4,elastic_net,5.0,0.2,0.5781752008158773,0.0413514155711937,10.0
2,4,elastic_net,10.0,1.0,0.5796102917049544,0.041906914784806744,10.0
2,4,elastic_net,10.0,0.8,0.5800100915081858,0.04225330568889452,10.0
2,4,elastic_net,10.0,0.5,0.5806004814212908,0.04277076176121723,10.0
2,4,elastic_net,10.0,0.2,0.5811881299079026,0.04328509332825703,10.0
2,4,elastic_net,0.1,0.8,0.5882070508454393,0.009412346892073223,4.4
2,4,elastic_net,0.1,1.0,0.5995580446831332,0.008240946157673106,2.4
2,4,elastic_net,0.05,0.5,0.6002531676712486,0.00805657001971936,2.4
2,4,elastic_net,0.02,0.2,0.6011138274721401,0.007863001759240857,2.2
2,4,elastic_net,0.05,0.8,0.6022111332108191,0.007114503644041018,0.0
2,4,elastic_net,0.05,1.0,0.6027081140996432,0.006919253873504479,0.0
2,4,elastic_net,0.01,0.2,0.6055216771177546,0.0060143506278818835,0.0
2,4,elastic_net,0.02,0.5,0.6062271404353147,0.005644456639197667,0.0
2,4,elastic_net,0.02,1.0,0.6089510594481659,0.0070425941719405695,0.0
2,4,elastic_net,0.02,0.8,0.6141469772041735,0.008060594695181934,0.0
2,4,elastic_net,0.01,0.5,0.6166826065300028,0.008507633601998979,0.0
2,4,elastic_net,0.01,1.0,0.617447908439145,0.007833491791085674,0.0
2,4,elastic_net,0.005,0.2,0.6174646126233297,0.008591498958184396,0.0
2,4,elastic_net,0.005,1.0,0.6192646683829997,0.0066701221206423526,0.0
2,4,elastic_net,0.002,1.0,0.6192842099015783,0.006663200348672784,0.0
2,4,elastic_net,0.001,1.0,0.6192843188199426,0.0066631025990353,0.0
2,4,elastic_net,0.01,0.8,0.6230155380103636,0.010578175131956842,0.0
2,4,elastic_net,0.005,0.8,0.6292874803730168,0.008735395063938582,0.0
2,4,elastic_net,0.005,0.5,0.6298102777349642,0.008744512390412169,0.0
2,4,elastic_net,0.002,0.2,0.6324478226082276,0.008763171277864527,0.0
2,4,elastic_net,0.002,0.8,0.6337926613700604,0.005741620137624388,0.0
2,4,elastic_net,0.001,0.8,0.6348634916787057,0.00561537702223779,0.0
2,4,elastic_net,0.002,0.5,0.635383210830113,0.005554373453412447,0.0
2,4,elastic_net,0.001,0.5,0.6378820647872827,0.005264540928997507,0.0
2,4,elastic_net,0.001,0.2,0.6406233761971564,0.004955123815023305,0.0
2,4,lasso,0.5,,0.5417010956473657,0.01673527605437669,8.2
2,4,lasso,1.0,,0.5506827214372245,0.022864314296133982,9.0
2,4,lasso,0.2,,0.55458674855971,0.011246249477610005,6.0
2,4,lasso,2.0,,0.5636019926300777,0.03061579864661778,9.6
2,4,lasso,5.0,,0.5751035437089029,0.03863983365305509,10.0
2,4,lasso,10.0,,0.5796102917049544,0.041906914784806744,10.0
2,4,lasso,0.1,,0.5995580446831332,0.008240946157673106,2.4
2,4,lasso,0.05,,0.6027081140996432,0.006919253873504479,0.0
2,4,lasso,0.02,,0.6089510594481659,0.0070425941719405695,0.0
2,4,lasso,0.01,,0.617447908439145,0.007833491791085674,0.0
2,4,lasso,0.005,,0.6192646683829997,0.0066701221206423526,0.0
2,4,lasso,0.002,,0.6192842099015783,0.006663200348672784,0.0
2,4,lasso,0.001,,0.6192843188199426,0.0066631025990353,0.0
2,5,ridge,0.2,,0.557131386653125,0.008163425340852841,10.0
2,5,ridge,0.1,,0.5581911079700255,0.005256795616884175,10.0
2,5,ridge,0.5,,0.5620957987590356,0.012411521738073663,10.0
2,5,ridge,0.05,,0.5645543939051103,0.003265777216554108,10.0
2,5,ridge,1.0,,0.5681998382912574,0.01584747496391631,10.0
2,5,ridge,2.0,,0.5745227426027308,0.019519150866663254,10.0
2,5,ridge,0.02,,0.5778148284165017,0.0034845785932473496,10.0
2,5,ridge,5.0,,0.5814111868479429,0.024052134433734693,10.0
2,5,ridge,10.0,,0.5848336611427682,0.02651912604949909,10.0
2,5,ridge,0.01,,0.587088533413022,0.004824851941162765,10.0
2,5,ridge,0.005,,0.5936442499613331,0.0059789066408755176,10.0
2,5,ridge,0.002,,0.598496708464195,0.006905624744060062,10.0
2,5,ridge,0.001,,0.6003082782813621,0.007266303664633683,10.0
2,5,elastic_net,0.2,0.2,0.5562801923987923,0.008238247731446005,9.2
2,5,elastic_net,0.5,0.8,0.5569919525889013,0.010587688325979217,8.4
2,5,elastic_net,0.5,0.5,0.557499938713408,0.012110222616044351,9.4
2,5,elastic_net,0.5,1.0,0.5582913014751274,0.009779626422780057,8.0
2,5,elastic_net,0.5,0.2,0.559803536874276,0.012363525850583763,9.8
2,5,elastic_net,1.0,1.0,0.560885591374624,0.0147285895125491,9.4
2,5,elastic_net,1.0,0.8,0.5620480772336539,0.015074319672852197,9.6
2,5,elastic_net,1.0,0.5,0.5641482933216393,0.015479474078787593,9.6
2,5,elastic_net,0.2,0.5,0.5649245360526366,0.0063116116474925005,8.0
2,5,elastic_net,0.1,0.2,0.5664418657714618,0.004416196255084045,8.6
2,5,elastic_net,1.0,0.2,0.5664457731482624,0.01572425779831674,10.0
2,5,elastic_net,2.0,1.0,0.5705870489036722,0.019483136236392497,9.8
2,5,elastic_net,2.0,0.8,0.5712607729060565,0.019522233624636662,10.0
2,5,elastic_net,2.0,0.5,0.5723548972036814,0.019541144341171945,10.0
2,5,elastic_net,2.0,0.2,0.5735645991492175,0.019518416096923164,10.0
2,5,elastic_net,0.2,0.8,0.5772521153421867,0.004897592655976001,7.2
2,5,elastic_net,5.0,1.0,0.5805108205206512,0.02490499971874651,10.0
2,5,elastic_net,5.0,0.8,0.5806005191595943,0.024690296901721944,10.0
2,5,elastic_net,5.0,0.5,0.5807946817954327,0.024396504626964764,10.0
2,5,elastic_net,5.0,0.2,0.5810573882044409,0.02413284412067928,10.0
2,5,elastic_net,10.0,0.8,0.5845872096935547,0.027035890720185494,10.0
2,5,elastic_net,10.0,0.5,0.5845937630017783,0.02678748464638133,10.0
2,5,elastic_net,10.0,1.0,0.5846012252242956,0.027215861765792684,10.0
2,5,elastic_net,10.0,0.2,0.5846307410792063,0.0265565902813815,10.0
2,5,elastic_net,0.2,1.0,0.5862888942082304,0.005931459834911062,6.0
2,5,elastic_net,0.05,0.2,0.5877742924588023,0.005355332642623845,7.2
2,5,elastic_net,0.1,0.5,0.5900376663814662,0.006217266626233736,6.0
2,5,elastic_net,0.05,1.0,0.6024003422301936,0.007053514421950718,0.0
2,5,elastic_net,0.05,0.8,0.602549120701776,0.00693655128530419,0.0
2,5,elastic_net,0.02,0.2,0.6036701967828806,0.00716178465677461,0.8
2,5,elastic_net,0.01,0.2,0.6045500068301635,0.006224116716024486,0.0
2,5,elastic_net,0.05,0.5,0.6049514551385211,0.006886894856364503,0.8
2,5,elastic_net,0.1,1.0,0.6061877284575008,0.006740755894168026,0.8
2,5,elastic_net,0.1,0.8,0.6073951017491561,0.007103885866564532,2.6
2,5,elastic_net,0.02,1.0,0.6078580539134026,0.006579771912480239,0.0
2,5,elastic_net,0.02,0.5,0.6112985451269208,0.006484909368350523,0.0
2,5,elastic_net,0.01,1.0,0.6154081774687079,0.004665423304942584,0.0
2,5,elastic_net,0.005,1.0,0.6154781372476857,0.0046473155225640935,0.0
2,5,elastic_net,0.001,1.0,0.6154879040476249,0.00464858680027714,0.0
2,5,elastic_net,0.002,1.0,0.6154889083262043,0.004648000671249722,0.0
2,5,elastic_net,0.02,0.8,0.6192618882703675,0.006873966966416737,0.0
2,5,elastic_net,0.01,0.8,0.6221929785222597,0.007052436265918184,0.0
2,5,elastic_net,0.01,0.5,0.6224185578107988,0.007077195653378302,0.0
2,5,elastic_net,0.005,0.2,0.6228271527769175,0.00759831019603601,0.0
2,5,elastic_net,0.005,0.8,0.6285574016123802,0.003984586948808224,0.0
2,5,elastic_net,0.005,0.5,0.6291689035490284,0.003953758256437245,0.0
2,5,elastic_net,0.002,0.8,0.6292156277701657,0.003946909051774185,0.0
2,5,elastic_net,0.001,0.8,0.6302542258206051,0.0038894797604121785,0.0
2,5,elastic_net,0.002,0.5,0.6307629526636793,0.0038594162439431726,0.0
2,5,elastic_net,0.002,0.2,0.6322176442160085,0.0037820914947622954,0.0
2,5,elastic_net,0.001,0.5,0.6332185567245832,0.0037229033969513447,0.0
2,5,elastic_net,0.001,0.2,0.6359574084634165,0.003566764845181883,0.0
2,5,lasso,0.5,,0.5582913014751274,0.009779626422780057,8.0
2,5,lasso,1.0,,0.560885591374624,0.0147285895125491,9.4
2,5,lasso,2.0,,0.5705870489036722,0.019483136236392497,9.8
2,5,lasso,5.0,,0.5805108205206512,0.02490499971874651,10.0
2,5,lasso,10.0,,0.5846012252242956,0.027215861765792684,10.0
2,5,lasso,0.2,,0.5862888942082304,0.005931459834911062,6.0
2,5,lasso,0.05,,0.6024003422301936,0.007053514421950718,0.0
2,5,lasso,0.1,,0.6061877284575008,0.006740755894168026,0.8
2,5,lasso,0.02,,0.6078580539134026,0.006579771912480239,0.0
2,5,lasso,0.01,,0.6154081774687079,0.004665423304942584,0.0
2,5,lasso,0.005,,0.6154781372476857,0.0046473155225640935,0.0
2,5,lasso,0.001,,0.6154879040476249,0.00464858680027714,0.0
2,5,lasso,0.002,,0.6154889083262043,0.004648000671249722,0.0
3,1,ridge,0.1,,0.5604904988500852,0.027243291557398724,10.0
3,1,ridge,0.05,,0.5619038049036825,0.019643248938250497,10.0
3,1,ridge,0.2,,0.5651984519308135,0.03499496671751734,10.0
3,1,ridge,0.02,,0.5710949506601367,0.010788262743260163,10.0
3,1,ridge,0.5,,0.5776164935291629,0.04463090103420081,10.0
3,1,ridge,0.01,,0.5796557966066986,0.006311659655023807,10.0
3,1,ridge,0.005,,0.5867467365408887,0.004713817446390831,10.0
3,1,ridge,1.0,,0.5878968042382281,0.0505629957006164,10.0
3,1,ridge,0.002,,0.5926423371646534,0.0051692014328280685,10.0
3,1,ridge,0.001,,0.5950027152861878,0.005662076371462903,10.0
3,1,ridge,2.0,,0.5968965921725221,0.05495056319523264,10.0
3,1,ridge,5.0,,0.6061749512110937,0.058774397090453664,10.0
3,1,ridge,10.0,,0.6109905788608738,0.06060238731295313,10.0
3,1,elastic_net,0.2,0.2,0.5642707949112128,0.03175810384052214,9.4
3,1,elastic_net,0.1,0.2,0.5657731189440494,0.02189181290095426,7.8
3,1,elastic_net,0.2,0.5,0.5689701883625436,0.0270760488070706,7.4
3,1,elastic_net,0.5,0.8,0.5723512114763392,0.038326008805944174,8.6
3,1,elastic_net,0.5,0.5,0.572711725930479,0.040657562940619375,9.0
3,1,elastic_net,0.5,1.0,0.5729273375763473,0.036852416731466775,7.6
3,1,elastic_net,0.5,0.2,0.5753596531667009,0.04299906579584695,10.0
3,1,elastic_net,0.2,0.8,0.5785373412099737,0.02263571379618259,6.6
3,1,elastic_net,0.05,0.2,0.5789916261229033,0.011096163444172275,6.4
3,1,elastic_net,0.1,0.5,0.5809174352137753,0.014126950645682097,5.8
3,1,elastic_net,1.0,1.0,0.5809617378233776,0.04623699570754296,9.0
3,1,elastic_net,1.0,0.8,0.582011220450418,0.047095671327896466,9.2
3,1,elastic_net,0.2,1.0,0.5828424936256158,0.019300243256150998,5.8
3,1,elastic_net,1.0,0.5,0.5837300932305158,0.04835163344968287,9.8
3,1,elastic_net,1.0,0.2,0.5860728563496418,0.04970188032965759,10.0
3,1,elastic_net,2.0,1.0,0.5932114334495181,0.0528353361467956,9.8
3,1,elastic_net,0.1,0.8,0.5937209601400565,0.008671956629735711,3.2
3,1,elastic_net,2.0,0.8,0.5937673849844395,0.05327579350866774,9.8
3,1,elastic_net,2.0,0.5,0.5947403651772631,0.05391075390389386,9.8
3,1,elastic_net,2.0,0.2,0.5958806138771098,0.05452841057539773,10.0
3,1,elastic_net,0.05,0.8,0.5975185244807615,0.005745964083001585,0.0
3,1,elastic_net,0.05,1.0,0.5976974821708142,0.00575935319222447,0.0
3,1,elastic_net,0.02,0.2,0.5979068236597513,0.0058225419482995045,1.8
3,1,elastic_net,0.05,0.5,0.5988078150026385,0.005683883334635535,1.8
3,1,elastic_net,0.02,0.5,0.5994659086012,0.00529507052882168,0.0
3,1,elastic_net,0.01,0.2,0.5995269728660836,0.00531277352446092,0.0
3,1,elastic_net,0.1,1.0,0.6001562739750622,0.006025501136137048,1.8
3,1,elastic_net,0.02,1.0,0.6001699609643241,0.006329038972861951,0.0
3,1,elastic_net,0.02,0.8,0.6032622460513885,0.0070695766478336905,0.0
3,1,elastic_net,0.01,1.0,0.6037827480226254,0.005504809924795057,0.0
3,1,elastic_net,0.01,0.8,0.6045485644252183,0.00740918691607094,0.0
3,1,elastic_net,0.01,0.5,0.6047115282456128,0.007452447273952624,0.0
3,1,elastic_net,0.005,0.2,0.6052358411220207,0.007560560507979004,0.0
3,1,elastic_net,5.0,0.5,0.6059825002521225,0.05853016487269513,9.8
3,1,elastic_net,5.0,0.2,0.6060115365829348,0.05863949896318956,9.8
3,1,elastic_net,5.0,0.8,0.6061191349043612,0.05846331252643579,9.8
3,1,elastic_net,5.0,1.0,0.606334061606693,0.058452404507004556,9.8
3,1,elastic_net,10.0,0.2,0.610903631176938,0.06055067344402065,10.0
3,1,elastic_net,10.0,0.5,0.6111700505694405,0.06056553613910001,10.0
3,1,elastic_net,10.0,0.8,0.6114969421190868,0.06060814484787042,9.8
3,1,elastic_net,10.0,1.0,0.6117448411120695,0.0606611059550493,9.8
3,1,elastic_net,0.005,1.0,0.6125799498018726,0.006860829157193397,0.0
3,1,elastic_net,0.002,1.0,0.6125850173025709,0.0068643882959818795,0.0
3,1,elastic_net,0.001,1.0,0.612586056789235,0.006864777324197728,0.0
3,1,elastic_net,0.005,0.5,0.6132724756508771,0.005991655091257479,0.0
3,1,elastic_net,0.002,0.2,0.6158727950065318,0.006115847384523629,0.0
3,1,elastic_net,0.005,0.8,0.6262222125383697,0.007285108084200487,0.0
3,1,elastic_net,0.002,0.8,0.6269226696934165,0.00723363729323603,0.0
3,1,elastic_net,0.001,0.8,0.6280692296898422,0.007140161983258865,0.0
3,1,elastic_net,0.002,0.5,0.6286273166118657,0.007089776837249133,0.0
3,1,elastic_net,0.001,0.5,0.6313349822366113,0.0068425943458259334,0.0
3,1,elastic_net,0.001,0.2,0.6343499882475747,0.00653640843581607,0.0
3,1,lasso,0.5,,0.5729273375763473,0.036852416731466775,7.6
3,1,lasso,1.0,,0.5809617378233776,0.04623699570754296,9.0
3,1,lasso,0.2,,0.5828424936256158,0.019300243256150998,5.8
3,1,lasso,2.0,,0.5932114334495181,0.0528353361467956,9.8
3,1,lasso,0.05,,0.5976974821708142,0.00575935319222447,0.0
3,1,lasso,0.1,,0.6001562739750622,0.006025501136137048,1.8
3,1,lasso,0.02,,0.6001699609643241,0.006329038972861951,0.0
3,1,lasso,0.01,,0.6037827480226254,0.005504809924795057,0.0
3,1,lasso,5.0,,0.606334061606693,0.058452404507004556,9.8
3,1,lasso,10.0,,0.6117448411120695,0.0606611059550493,9.8
3,1,lasso,0.005,,0.6125799498018726,0.006860829157193397,0.0
3,1,lasso,0.002,,0.6125850173025709,0.0068643882959818795,0.0
3,1,lasso,0.001,,0.612586056789235,0.006864777324197728,0.0
3,2,ridge,0.05,,0.5574423404852242,0.01150369381028263,10.0
3,2,ridge,0.1,,0.5598470397221527,0.012168420483105218,10.0
3,2,ridge,0.02,,0.5641810350182124,0.009577096277965701,10.0
3,2,ridge,0.2,,0.5681581155784045,0.012296126243421699,10.0
3,2,ridge,0.01,,0.5733311291113351,0.007989952292287949,10.0
3,2,ridge,0.005,,0.5818330654120711,0.007082211408445466,10.0
3,2,ridge,0.5,,0.5850713408447535,0.012349162074591045,10.0
3,2,ridge,0.002,,0.5892997905163493,0.006697509833538735,10.0
3,2,ridge,0.001,,0.5923677625597628,0.006634228263562884,10.0
3,2,ridge,1.0,,0.6004983185512515,0.014487160353168533,10.0
3,2,ridge,2.0,,0.6174980137379471,0.020875410461878654,10.0
3,2,ridge,5.0,,0.640653970483043,0.034962206797253335,10.0
3,2,ridge,10.0,,0.6562180981091328,0.046636236235663646,10.0
3,2,elastic_net,0.1,0.2,0.5691532678315776,0.010093488925376393,8.2
3,2,elastic_net,0.2,0.2,0.5701229386688837,0.010371043890696032,8.8
3,2,elastic_net,0.2,0.5,0.5783684438532739,0.01097591670934038,7.6
3,2,elastic_net,0.05,0.2,0.5793482647664348,0.008774733506744768,6.2
3,2,elastic_net,0.1,0.5,0.5826685710029235,0.010559230357705946,5.6
3,2,elastic_net,0.5,0.5,0.5832400954176425,0.010339482919840824,8.2
3,2,elastic_net,0.5,0.2,0.5842105946943704,0.011259761125326673,9.4
3,2,elastic_net,0.5,0.8,0.5850069197029261,0.009322139547847769,8.2
3,2,elastic_net,0.2,0.8,0.5852702551304152,0.013929764201680957,6.0
3,2,elastic_net,0.2,1.0,0.5857475742595979,0.01324059467374451,5.4
3,2,elastic_net,0.5,1.0,0.5865505251275007,0.010015671893966372,8.0
3,2,elastic_net,0.1,0.8,0.5887424504584318,0.007094656855564352,3.4
3,2,elastic_net,0.1,1.0,0.5908945559604035,0.00521702472844837,1.8
3,2,elastic_net,0.05,0.5,0.5915820727643791,0.005547836066826188,2.2
3,2,elastic_net,0.02,0.2,0.5932117599809876,0.006002622176319945,2.2
3,2,elastic_net,0.05,0.8,0.5963533593758801,0.006115016134856582,0.0
3,2,elastic_net,0.05,1.0,0.596417295623824,0.00613571177313735,0.0
3,2,elastic_net,0.01,0.2,0.5979344284122089,0.005490591328331564,0.0
3,2,elastic_net,1.0,0.8,0.5982709403064522,0.014540877019476798,8.8
3,2,elastic_net,0.02,0.5,0.5986367667816955,0.005333031022466224,0.0
3,2,elastic_net,1.0,1.0,0.5987213017592721,0.01413193346759126,8.4
3,2,elastic_net,0.02,0.8,0.5987492936463039,0.0053213888196779816,0.0
3,2,elastic_net,1.0,0.5,0.5987854741462743,0.01416467297445621,9.4
3,2,elastic_net,1.0,0.2,0.5997173519466178,0.014176479268461672,9.8
3,2,elastic_net,0.005,0.2,0.6001277866039866,0.005189943092378459,0.0
3,2,elastic_net,0.02,1.0,0.6052711251158744,0.009231706606159708,0.0
3,2,elastic_net,0.01,0.5,0.6099496209081121,0.010875563628313798,0.0
3,2,elastic_net,0.01,1.0,0.6140716216965112,0.006167490849280863,0.0
3,2,elastic_net,0.005,1.0,0.6146658432775097,0.00628346432133963,0.0
3,2,elastic_net,0.002,1.0,0.6146985569285235,0.006287606284627706,0.0
3,2,elastic_net,0.001,1.0,0.6146994410937121,0.006288139905223067,0.0
3,2,elastic_net,2.0,0.2,0.617804769419334,0.021712021605653817,10.0
3,2,elastic_net,2.0,0.5,0.6191593203951148,0.02386924657164813,10.0
3,2,elastic_net,2.0,0.8,0.6220097899242274,0.027748874671141358,9.4
3,2,elastic_net,0.01,0.8,0.6251884535992711,0.006135769214253991,0.0
3,2,elastic_net,2.0,1.0,0.6259196300320792,0.03242538912305784,9.4
3,2,elastic_net,0.005,0.5,0.6260759613731057,0.006113115667802834,0.0
3,2,elastic_net,0.005,0.8,0.628058562767215,0.0060277751845929485,0.0
3,2,elastic_net,0.002,0.8,0.6288152180245754,0.005969375435506336,0.0
3,2,elastic_net,0.002,0.2,0.6290818564661979,0.006088569714605027,0.0
3,2,elastic_net,0.001,0.8,0.6299977901051659,0.005882228645809812,0.0
3,2,elastic_net,0.002,0.5,0.6305614296211319,0.005836540477029266,0.0
3,2,elastic_net,0.001,0.5,0.6333338985816245,0.005626121656821336,0.0
3,2,elastic_net,0.001,0.2,0.6363671252459372,0.005385552505626946,0.0
3,2,elastic_net,5.0,0.2,0.6418047295534791,0.03656334156980281,10.0
3,2,elastic_net,5.0,0.5,0.6455122618551474,0.04058638897191262,10.0
3,2,elastic_net,5.0,0.8,0.6509561619380206,0.04642650947356303,10.0
3,2,elastic_net,5.0,1.0,0.6563237111272462,0.05210502700197893,10.0
3,2,elastic_net,10.0,0.2,0.6571151017865254,0.04789694469541537,10.0
3,2,elastic_net,10.0,0.5,0.6608276925205078,0.05173201561920272,10.0
3,2,elastic_net,10.0,0.8,0.6655629685110157,0.05661039531808979,10.0
3,2,elastic_net,10.0,1.0,0.6695724425920878,0.06072640131017277,10.0
3,2,lasso,0.2,,0.5857475742595979,0.01324059467374451,5.4
3,2,lasso,0.5,,0.5865505251275007,0.010015671893966372,8.0
3,2,lasso,0.1,,0.5908945559604035,0.00521702472844837,1.8
3,2,lasso,0.05,,0.596417295623824,0.00613571177313735,0.0
3,2,lasso,1.0,,0.5987213017592721,0.01413193346759126,8.4
3,2,lasso,0.02,,0.6052711251158744,0.009231706606159708,0.0
3,2,lasso,0.01,,0.6140716216965112,0.006167490849280863,0.0
3,2,lasso,0.005,,0.6146658432775097,0.00628346432133963,0.0
3,2,lasso,0.002,,0.6146985569285235,0.006287606284627706,0.0
3,2,lasso,0.001,,0.6146994410937121,0.006288139905223067,0.0
3,2,lasso,2.0,,0.6259196300320792,0.03242538912305784,9.4
3,2,lasso,5.0,,0.6563237111272462,0.05210502700197893,10.0
3,2,lasso,10.0,,0.6695724425920878,0.06072640131017277,10.0
3,3,ridge,0.2,,0.529854654139312,0.02206814928392868,10.0
3,3,ridge,0.5,,0.5312683831949618,0.0270395483115526,10.0
3,3,ridge,0.1,,0.5337626504431101,0.01800521919923227,10.0
3,3,ridge,1.0,,0.5341486953712851,0.029840385667503216,10.0
3,3,ridge,2.0,,0.5367086694647364,0.031696107287762475,10.0
3,3,ridge,5.0,,0.538856436223927,0.03304653938823148,10.0
3,3,ridge,10.0,,0.5397137300839306,0.033546275634011885,10.0
3,3,ridge,0.05,,0.5437659126537422,0.014477802331344687,10.0
3,3,ridge,0.02,,0.5632240363142073,0.011250817991721646,10.0
3,3,ridge,0.01,,0.577475444266774,0.009699948841511265,10.0
3,3,ridge,0.005,,0.5879846731074729,0.008746029986848971,10.0
3,3,ridge,0.002,,0.5959754413870333,0.008105664110901316,10.0
3,3,ridge,0.001,,0.5989986534243388,0.007883474326594248,10.0
3,3,elastic_net,0.5,0.2,0.5320671048641799,0.02566350426668089,9.8
3,3,elastic_net,0.2,0.2,0.5338804736161407,0.019413457707454312,9.2
3,3,elastic_net,0.5,0.5,0.5340189819283531,0.023630119233324955,9.4
3,3,elastic_net,1.0,0.2,0.5344965570686636,0.02906292300230382,9.8
3,3,elastic_net,1.0,0.5,0.5350467072075422,0.02794947893490902,9.8
3,3,elastic_net,1.0,0.8,0.5358206117153659,0.026838669650922624,9.8
3,3,elastic_net,1.0,1.0,0.5364775673719051,0.026103428452386043,9.8
3,3,elastic_net,0.5,0.8,0.536636793063591,0.021640926159215042,9.2
3,3,elastic_net,2.0,0.2,0.5371587173598442,0.031204209349290378,10.0
3,3,elastic_net,2.0,0.5,0.5373474345144514,0.030632588615281224,9.8
3,3,elastic_net,2.0,0.8,0.5375569280033548,0.030071142010404367,9.8
3,3,elastic_net,2.0,1.0,0.537725049951138,0.029697627396634545,9.8
3,3,elastic_net,0.5,1.0,0.5390080384547857,0.020311912686202766,9.2
3,3,elastic_net,5.0,0.2,0.5390106191709085,0.03283685402847591,10.0
3,3,elastic_net,5.0,0.5,0.5393012721674075,0.032542111882084855,10.0
3,3,elastic_net,5.0,0.8,0.5395990254417586,0.032248144957600304,10.0
3,3,elastic_net,5.0,1.0,0.539717862430197,0.032075928628305224,9.8
3,3,elastic_net,10.0,0.2,0.5397663708201599,0.03343426119447258,10.0
3,3,elastic_net,10.0,0.5,0.5399091885545263,0.03328638207761177,10.0
3,3,elastic_net,10.0,0.8,0.5400551385464853,0.033138583769129454,10.0
3,3,elastic_net,10.0,1.0,0.540153705055384,0.03304024381473131,10.0
3,3,elastic_net,0.2,0.5,0.544844422120797,0.015609585991246053,9.0
3,3,elastic_net,0.1,0.2,0.5463601207586589,0.014213516442717032,9.0
3,3,elastic_net,0.2,0.8,0.5608601380967493,0.012708297528083588,8.0
3,3,elastic_net,0.2,1.0,0.5720132556843243,0.011281478448689056,6.6
3,3,elastic_net,0.05,0.2,0.5742796705068914,0.01050291301340111,8.0
3,3,elastic_net,0.1,0.5,0.5769299318312037,0.010721078196157568,6.4
3,3,elastic_net,0.1,0.8,0.6007949794454603,0.00807991305934675,3.8
3,3,elastic_net,0.05,0.8,0.6020707384205373,0.0074359276866413455,0.0
3,3,elastic_net,0.02,0.2,0.6021560733081266,0.007221080940021357,1.2
3,3,elastic_net,0.05,0.5,0.6022501583525774,0.006936417678447143,1.2
3,3,elastic_net,0.05,1.0,0.6023541910785961,0.007439097904613468,0.0
3,3,elastic_net,0.1,1.0,0.6024079099394137,0.006779450197359435,1.4
3,3,elastic_net,0.02,0.5,0.6031698540429818,0.006658545105398546,0.0
3,3,elastic_net,0.01,0.2,0.603273288741698,0.006609232345120827,0.0
3,3,elastic_net,0.02,0.8,0.6033320616599638,0.006605770550261958,0.0
3,3,elastic_net,0.005,0.2,0.6038429644442425,0.006378567595650861,0.0
3,3,elastic_net,0.02,1.0,0.6049299601269025,0.007701436577195815,0.0
3,3,elastic_net,0.01,1.0,0.6061008210482505,0.0076643063351082875,0.0
3,3,elastic_net,0.001,1.0,0.6061350301532048,0.007660777466028411,0.0
3,3,elastic_net,0.002,1.0,0.6061363056678735,0.007661511775813427,0.0
3,3,elastic_net,0.005,1.0,0.6061380605433672,0.0076624071100632124,0.0
3,3,elastic_net,0.01,0.5,0.6105024182316334,0.008368322342209049,0.0
3,3,elastic_net,0.01,0.8,0.6107381910069185,0.008157703126594694,0.0
3,3,elastic_net,0.005,0.8,0.6163061838353635,0.007616656834329917,0.0
3,3,elastic_net,0.002,0.2,0.6168494879165504,0.009012999972041238,0.0
3,3,elastic_net,0.005,0.5,0.6170315050472344,0.007573304021421636,0.0
3,3,elastic_net,0.002,0.8,0.6170518455367895,0.00757136779891363,0.0
3,3,elastic_net,0.001,0.8,0.6182862033080003,0.007486087054353695,0.0
3,3,elastic_net,0.002,0.5,0.6189004958180415,0.00744266296191319,0.0
3,3,elastic_net,0.001,0.5,0.6218974046669349,0.007202311222594465,0.0
3,3,elastic_net,0.001,0.2,0.625318517805407,0.006897843230998873,0.0
3,3,lasso,1.0,,0.5364775673719051,0.026103428452386043,9.8
3,3,lasso,2.0,,0.537725049951138,0.029697627396634545,9.8
3,3,lasso,0.5,,0.5390080384547857,0.020311912686202766,9.2
3,3,lasso,5.0,,0.539717862430197,0.032075928628305224,9.8
3,3,lasso,10.0,,0.540153705055384,0.03304024381473131,10.0
3,3,lasso,0.2,,0.5720132556843243,0.011281478448689056,6.6
3,3,lasso,0.05,,0.6023541910785961,0.007439097904613468,0.0
3,3,lasso,0.1,,0.6024079099394137,0.006779450197359435,1.4
3,3,lasso,0.02,,0.6049299601269025,0.007701436577195815,0.0
3,3,lasso,0.01,,0.6061008210482505,0.0076643063351082875,0.0
3,3,lasso,0.001,,0.6061350301532048,0.007660777466028411,0.0
3,3,lasso,0.002,,0.6061363056678735,0.007661511775813427,0.0
3,3,lasso,0.005,,0.6061380605433672,0.0076624071100632124,0.0
3,4,ridge,0.1,,0.5672477957845402,0.02950001698578786,10.0
3,4,ridge,0.05,,0.5694577088715869,0.0239777426530027,10.0
3,4,ridge,0.2,,0.5703037923757223,0.03501202378630149,10.0
3,4,ridge,0.02,,0.5789974874163998,0.017236990790820493,10.0
3,4,ridge,0.5,,0.5791277903781061,0.04128660823601588,10.0
3,4,ridge,1.0,,0.5865397011682597,0.044739874538067353,10.0
3,4,ridge,0.01,,0.5871855978541689,0.01324212735513647,10.0
3,4,ridge,2.0,,0.593221517373705,0.047166026595977614,10.0
3,4,ridge,0.005,,0.5934716119143449,0.01062694605291126,10.0
3,4,ridge,0.002,,0.5983543686646521,0.00885732823426277,10.0
3,4,ridge,5.0,,0.6001844949842955,0.04934803987250274,10.0
3,4,ridge,0.001,,0.6002220358366399,0.008253464553411523,10.0
3,4,ridge,10.0,,0.6038360899511762,0.05048401507237379,10.0
3,4,elastic_net,0.2,0.2,0.5671271131405743,0.03177992028340719,9.2
3,4,elastic_net,0.5,0.8,0.5693849498151939,0.03413636822116519,8.8
3,4,elastic_net,0.5,0.5,0.5708022371116714,0.03625177133434442,9.4
3,4,elastic_net,0.5,1.0,0.571267566657364,0.032823577591721075,8.8
3,4,elastic_net,0.1,0.2,0.5745583462403756,0.02459349692854125,8.6
3,4,elastic_net,1.0,1.0,0.5750811742566373,0.038708082546462845,9.4
3,4,elastic_net,0.5,0.2,0.57517292493488,0.039070239894381645,9.8
3,4,elastic_net,0.2,0.5,0.5763031333956771,0.02771146522734698,8.4
3,4,elastic_net,1.0,0.8,0.5769681770030974,0.039719181773158925,9.4
3,4,elastic_net,1.0,0.5,0.580194806060441,0.04145694792209863,9.6
3,4,elastic_net,1.0,0.2,0.5839074298634475,0.04341631179882275,9.8
3,4,elastic_net,2.0,1.0,0.5869375772575265,0.0438964315292868,9.6
3,4,elastic_net,2.0,0.8,0.5880417975352142,0.044486153439239395,9.6
3,4,elastic_net,2.0,0.5,0.5898627762144913,0.04545578132208108,9.6
3,4,elastic_net,0.2,0.8,0.5906772011618263,0.022207677207762334,7.4
3,4,elastic_net,2.0,0.2,0.5918494261792138,0.04648412508422939,10.0
3,4,elastic_net,0.05,0.2,0.5930473251057929,0.01468926285692415,7.6
3,4,elastic_net,0.1,0.5,0.59744964980591,0.014239637632678055,6.4
3,4,elastic_net,0.2,1.0,0.5978621173258908,0.016848961116379353,6.4
3,4,elastic_net,5.0,1.0,0.5986891389307765,0.048412444362337555,9.6
3,4,elastic_net,5.0,0.8,0.5988685356583415,0.04855471834434116,9.8
3,4,elastic_net,5.0,0.5,0.5992486396822774,0.04881825306007019,10.0
3,4,elastic_net,5.0,0.2,0.5997563235151313,0.049121039651879014,10.0
3,4,elastic_net,0.1,1.0,0.6024892970438389,0.007592178626404362,0.8
3,4,elastic_net,0.05,0.5,0.6028418231194445,0.007438008187930107,1.0
3,4,elastic_net,0.02,0.2,0.6031029865307351,0.007345901039803736,1.0
3,4,elastic_net,0.05,1.0,0.6031183144278247,0.007215133136663974,0.0
3,4,elastic_net,0.05,0.8,0.6032118530338841,0.0070388049989077595,0.0
3,4,elastic_net,10.0,0.8,0.60350606252705,0.05023376710646328,10.0
3,4,elastic_net,10.0,1.0,0.6035121267585439,0.05020874691857538,10.0
3,4,elastic_net,10.0,0.5,0.6035508731456031,0.050296381798110586,10.0
3,4,elastic_net,10.0,0.2,0.6036526092856557,0.05038464484567581,10.0
3,4,elastic_net,0.1,0.8,0.6041178132790965,0.008291845573153652,2.6
3,4,elastic_net,0.01,0.2,0.6049324272207258,0.006116412684328846,0.0
3,4,elastic_net,0.02,0.5,0.6050092324371686,0.006077273679809321,0.0
3,4,elastic_net,0.02,1.0,0.6065924783258657,0.007114156343777959,0.0
3,4,elastic_net,0.02,0.8,0.6106924690902741,0.007058790659891468,0.0
3,4,elastic_net,0.005,0.2,0.6134796823601949,0.0069512083486922135,0.0
3,4,elastic_net,0.01,1.0,0.6155280931518327,0.003751058103460852,0.0
3,4,elastic_net,0.005,1.0,0.6155565640228233,0.003716763320871589,0.0
3,4,elastic_net,0.001,1.0,0.6155573095692415,0.0037143562430825925,0.0
3,4,elastic_net,0.002,1.0,0.6155591031276716,0.0037141435441250138,0.0
3,4,elastic_net,0.01,0.5,0.6180985962642305,0.007822003579202909,0.0
3,4,elastic_net,0.01,0.8,0.6184972154251667,0.00784283616981477,0.0
3,4,elastic_net,0.005,0.8,0.6278960605087498,0.003186213674075938,0.0
3,4,elastic_net,0.005,0.5,0.6284967562355002,0.0031915821474164537,0.0
3,4,elastic_net,0.002,0.8,0.6285148283843076,0.0031705738380573304,0.0
3,4,elastic_net,0.001,0.8,0.6295030474975364,0.0031533669282027285,0.0
3,4,elastic_net,0.002,0.5,0.6299924106457043,0.0031430294789736883,0.0
3,4,elastic_net,0.002,0.2,0.6314112024042606,0.003130782613942794,0.0
3,4,elastic_net,0.001,0.5,0.6323571320620495,0.0030920583451808765,0.0
3,4,elastic_net,0.001,0.2,0.6350298386657547,0.0030193232897231786,0.0
3,4,lasso,0.5,,0.571267566657364,0.032823577591721075,8.8
3,4,lasso,1.0,,0.5750811742566373,0.038708082546462845,9.4
3,4,lasso,2.0,,0.5869375772575265,0.0438964315292868,9.6
3,4,lasso,0.2,,0.5978621173258908,0.016848961116379353,6.4
3,4,lasso,5.0,,0.5986891389307765,0.048412444362337555,9.6
3,4,lasso,0.1,,0.6024892970438389,0.007592178626404362,0.8
3,4,lasso,0.05,,0.6031183144278247,0.007215133136663974,0.0
3,4,lasso,10.0,,0.6035121267585439,0.05020874691857538,10.0
3,4,lasso,0.02,,0.6065924783258657,0.007114156343777959,0.0
3,4,lasso,0.01,,0.6155280931518327,0.003751058103460852,0.0
3,4,lasso,0.005,,0.6155565640228233,0.003716763320871589,0.0
3,4,lasso,0.001,,0.6155573095692415,0.0037143562430825925,0.0
3,4,lasso,0.002,,0.6155591031276716,0.0037141435441250138,0.0
3,5,ridge,0.2,,0.5578438117046015,0.023742817599363596,10.0
3,5,ridge,0.1,,0.5588680210408736,0.019219383535497965,10.0
3,5,ridge,0.5,,0.5622493712786543,0.029112652681280955,10.0
3,5,ridge,0.05,,0.5649442961721414,0.01504460275061209,10.0
3,5,ridge,1.0,,0.5664864790667513,0.031969076433289806,10.0
3,5,ridge,2.0,,0.5697738151504403,0.03376429158634467,10.0
3,5,ridge,5.0,,0.5723052613986367,0.035011997213201446,10.0
3,5,ridge,10.0,,0.5732783576405526,0.035456004269526505,10.0
3,5,ridge,0.02,,0.577356222428845,0.010796819425117017,10.0
3,5,ridge,0.01,,0.5861820562571496,0.008920550184648842,10.0
3,5,ridge,0.005,,0.5927670620438747,0.008060114662718772,10.0
3,5,ridge,0.002,,0.5979674428617481,0.007721853139688785,10.0
3,5,ridge,0.001,,0.6000035561410071,0.007668120670875989,10.0
3,5,elastic_net,0.5,0.5,0.5600999022707631,0.02883192243089851,9.0
3,5,elastic_net,0.2,0.2,0.5601869613370326,0.023255483073885013,9.4
3,5,elastic_net,0.5,0.2,0.561020241181759,0.028529091516972218,9.8
3,5,elastic_net,1.0,1.0,0.5614580220478864,0.03193643350404078,9.0
3,5,elastic_net,0.5,0.8,0.5616031547833299,0.03038808772417159,8.6
3,5,elastic_net,1.0,0.8,0.5619342062868284,0.03157643775254488,9.2
3,5,elastic_net,0.5,1.0,0.5620529999771383,0.0302800881228263,8.2
3,5,elastic_net,1.0,0.5,0.5633609889155506,0.031472885761112554,9.2
3,5,elastic_net,0.2,0.5,0.5644559336244273,0.021965996923688384,8.2
3,5,elastic_net,1.0,0.2,0.5652464022680634,0.03164666292729981,9.4
3,5,elastic_net,2.0,1.0,0.565500583867633,0.03342441786649625,9.2
3,5,elastic_net,2.0,0.8,0.5662413184080388,0.03342867765272155,9.2
3,5,elastic_net,0.1,0.2,0.5670826413517397,0.017711486048660484,8.6
3,5,elastic_net,2.0,0.5,0.5674604195051095,0.0334990958168577,9.2
3,5,elastic_net,2.0,0.2,0.5688144457845073,0.0336540222478752,9.4
3,5,elastic_net,5.0,1.0,0.5699567070131868,0.03486911786740058,9.2
3,5,elastic_net,5.0,0.8,0.5703799869254482,0.03489799511926911,9.4
3,5,elastic_net,5.0,0.5,0.571063642890002,0.03493021920518383,9.6
3,5,elastic_net,5.0,0.2,0.5717680092457804,0.03497527387931353,9.8
3,5,elastic_net,10.0,1.0,0.5719267363537429,0.035384902764196445,9.8
3,5,elastic_net,10.0,0.8,0.572170178381579,0.03539733033252346,9.8
3,5,elastic_net,10.0,0.5,0.5725409575349669,0.03541863510590303,10.0
3,5,elastic_net,10.0,0.2,0.5729831559884477,0.035435303740499344,10.0
3,5,elastic_net,0.2,0.8,0.5751091569345581,0.018989953185207444,7.2
3,5,elastic_net,0.05,0.2,0.5858202637049896,0.012955348944249668,7.2
3,5,elastic_net,0.2,1.0,0.5884397180953892,0.01617246247810667,6.8
3,5,elastic_net,0.1,0.5,0.5909678010997645,0.014321312686432434,6.6
3,5,elastic_net,0.05,0.8,0.6031983060071224,0.006940304385257182,0.0
3,5,elastic_net,0.02,0.2,0.6032704704887011,0.008166710143655817,1.8
3,5,elastic_net,0.05,1.0,0.6034523639923507,0.00683900373985534,0.0
3,5,elastic_net,0.05,0.5,0.6044822925470688,0.0086807655409617,1.6
3,5,elastic_net,0.02,1.0,0.6046133144126764,0.00604262825195822,0.0
3,5,elastic_net,0.1,1.0,0.6056017075755898,0.009104326499633775,1.4
3,5,elastic_net,0.1,0.8,0.6063802212069949,0.011093110110335721,3.2
3,5,elastic_net,0.02,0.8,0.6070620618627995,0.005402662198105413,0.0
3,5,elastic_net,0.02,0.5,0.6072101389599759,0.005185458203803923,0.0
3,5,elastic_net,0.01,0.2,0.6075373752195568,0.005181808175375245,0.0
3,5,elastic_net,0.005,0.2,0.6092702994592751,0.004971399981057091,0.0
3,5,elastic_net,0.01,0.5,0.6096815713235619,0.004532898951416575,0.0
3,5,elastic_net,0.005,1.0,0.617573373230354,0.002431670855376193,0.0
3,5,elastic_net,0.01,1.0,0.617605821424773,0.0024120754498886507,0.0
3,5,elastic_net,0.01,0.8,0.6179747990054084,0.00667789519432548,0.0
3,5,elastic_net,0.001,1.0,0.6191310138949777,0.0032073185975451542,0.0
3,5,elastic_net,0.002,1.0,0.619131712023635,0.0032066391645612737,0.0
3,5,elastic_net,0.005,0.8,0.6292950275300111,0.0025352515324977474,0.0
3,5,elastic_net,0.002,0.8,0.6298082120744785,0.0025935670181738307,0.0
3,5,elastic_net,0.005,0.5,0.6298737047720369,0.0025947663520931616,0.0
3,5,elastic_net,0.002,0.5,0.6311903922223314,0.0027539251303580654,0.0
3,5,elastic_net,0.002,0.2,0.6325279941608939,0.0029054999478504034,0.0
3,5,elastic_net,0.001,0.8,0.6343498698997219,0.0018817059533682882,0.0
3,5,elastic_net,0.001,0.2,0.6357602775723888,0.003271677547804416,0.0
3,5,elastic_net,0.001,0.5,0.6372591984459723,0.0017150803590532267,0.0
3,5,lasso,1.0,,0.5614580220478864,0.03193643350404078,9.0
3,5,lasso,0.5,,0.5620529999771383,0.0302800881228263,8.2
3,5,lasso,2.0,,0.565500583867633,0.03342441786649625,9.2
3,5,lasso,5.0,,0.5699567070131868,0.03486911786740058,9.2
3,5,lasso,10.0,,0.5719267363537429,0.035384902764196445,9.8
3,5,lasso,0.2,,0.5884397180953892,0.01617246247810667,6.8
3,5,lasso,0.05,,0.6034523639923507,0.00683900373985534,0.0
3,5,lasso,0.02,,0.6046133144126764,0.00604262825195822,0.0
3,5,lasso,0.1,,0.6056017075755898,0.009104326499633775,1.4
3,5,lasso,0.005,,0.617573373230354,0.002431670855376193,0.0
3,5,lasso,0.01,,0.617605821424773,0.0024120754498886507,0.0
3,5,lasso,0.001,,0.6191310138949777,0.0032073185975451542,0.0
3,5,lasso,0.002,,0.619131712023635,0.0032066391645612737,0.0
4,1,ridge,0.2,,0.5421869454628425,0.015589160919235326,10.0
4,1,ridge,0.1,,0.543041211200219,0.012821542406157321,10.0
4,1,ridge,0.5,,0.5477547514564539,0.019530796203250322,10.0
4,1,ridge,0.05,,0.549599397596905,0.010102237300361822,10.0
4,1,ridge,1.0,,0.5533892371681286,0.022112490167402,10.0
4,1,ridge,2.0,,0.5579462604166218,0.023965359682420206,10.0
4,1,ridge,5.0,,0.5615930521465544,0.02535851715517648,10.0
4,1,ridge,10.0,,0.5630086035858242,0.02588553750499142,10.0
4,1,ridge,0.02,,0.5645609094735782,0.006484992426694698,10.0
4,1,ridge,0.01,,0.5761733163045079,0.004958421484867288,10.0
4,1,ridge,0.005,,0.5850544885386209,0.00497428450423144,10.0
4,1,ridge,0.002,,0.5920130622335917,0.005597869486715639,10.0
4,1,ridge,0.001,,0.5947016505030824,0.005924759767345575,10.0
4,1,elastic_net,0.2,0.2,0.5436541396820768,0.015229453807775718,9.2
4,1,elastic_net,0.5,0.5,0.5455601344163001,0.018426843361972197,8.8
4,1,elastic_net,0.5,0.2,0.5457541870177733,0.018664813751081623,9.6
4,1,elastic_net,0.5,0.8,0.546372371007147,0.01810858194674647,8.6
4,1,elastic_net,0.5,1.0,0.5474152409337892,0.017659470836018726,8.0
4,1,elastic_net,1.0,1.0,0.5482944933222521,0.01974290869748268,9.0
4,1,elastic_net,1.0,0.8,0.5485154626928728,0.019852125197901638,9.0
4,1,elastic_net,1.0,0.5,0.5495455318000804,0.020425776281557576,9.4
4,1,elastic_net,1.0,0.2,0.5515647322401309,0.021378326523582937,10.0
4,1,elastic_net,0.2,0.5,0.5522519134488822,0.01232076788057963,7.6
4,1,elastic_net,0.1,0.2,0.5526221738865217,0.010037554459014978,8.2
4,1,elastic_net,2.0,1.0,0.5532023456613088,0.02185850376056539,9.2
4,1,elastic_net,2.0,0.8,0.5539200850255304,0.022217778785684407,9.6
4,1,elastic_net,2.0,0.5,0.5551771328755599,0.022843216103606373,9.8
4,1,elastic_net,2.0,0.2,0.5567341750745978,0.023497983595601825,10.0
4,1,elastic_net,5.0,1.0,0.5590248170516492,0.0243356837927113,9.6
4,1,elastic_net,5.0,0.8,0.5594578155057809,0.02453969764895942,9.8
4,1,elastic_net,5.0,0.5,0.560202614190014,0.024832658010999473,10.0
4,1,elastic_net,5.0,0.2,0.5609670615517677,0.025128936513406225,10.0
4,1,elastic_net,10.0,1.0,0.5615525244757393,0.0253348984261274,10.0
4,1,elastic_net,10.0,0.8,0.5618169110345593,0.025437459756775554,10.0
4,1,elastic_net,10.0,0.5,0.5622189984224456,0.025592123689731787,10.0
4,1,elastic_net,10.0,0.2,0.5626274927915534,0.02574766878983389,10.0
4,1,elastic_net,0.2,0.8,0.5652199752034617,0.007696504251333875,7.0
4,1,elastic_net,0.2,1.0,0.5728284717198087,0.00515004158779787,6.2
4,1,elastic_net,0.05,0.2,0.5744734217311188,0.0041838673436048026,7.0
4,1,elastic_net,0.1,0.5,0.5755667038000121,0.0038572697234343315,6.0
4,1,elastic_net,0.1,0.8,0.5899422093501349,0.0060956112768899345,2.8
4,1,elastic_net,0.1,1.0,0.5954848415417417,0.007634226489009452,1.2
4,1,elastic_net,0.05,0.5,0.5959325199054175,0.007265480910091516,1.2
4,1,elastic_net,0.02,0.2,0.5966465460216873,0.006811649860030851,1.2
4,1,elastic_net,0.05,1.0,0.5980434428826682,0.0058116919135954796,0.0
4,1,elastic_net,0.05,0.8,0.5981141937166002,0.005642180552446014,0.0
4,1,elastic_net,0.02,0.5,0.6013010328221784,0.004585081342248414,0.0
4,1,elastic_net,0.01,0.2,0.6015144917709306,0.0045296925790660105,0.0
4,1,elastic_net,0.02,1.0,0.6076014984292386,0.00646284091694015,0.0
4,1,elastic_net,0.02,0.8,0.612671258667153,0.0076362558206749,0.0
4,1,elastic_net,0.01,0.5,0.6147627989110005,0.008173109589896048,0.0
4,1,elastic_net,0.005,0.2,0.6152875696603788,0.008288350375699617,0.0
4,1,elastic_net,0.001,1.0,0.6157496166105554,0.004452025357262065,0.0
4,1,elastic_net,0.002,1.0,0.6157501758975865,0.004451923844541715,0.0
4,1,elastic_net,0.005,1.0,0.6157601832301367,0.004439211144514119,0.0
4,1,elastic_net,0.01,1.0,0.615765082001819,0.004437558752481045,0.0
4,1,elastic_net,0.01,0.8,0.6264658868736983,0.0040495400949106235,0.0
4,1,elastic_net,0.005,0.8,0.6295632714552262,0.003908366250913086,0.0
4,1,elastic_net,0.002,0.8,0.6302340822737831,0.003896056695244718,0.0
4,1,elastic_net,0.005,0.5,0.6302453205050872,0.0038867496283468785,0.0
4,1,elastic_net,0.001,0.8,0.6313388723203271,0.0038593383659663873,0.0
4,1,elastic_net,0.002,0.5,0.6318827967484129,0.003835147506041025,0.0
4,1,elastic_net,0.002,0.2,0.6334659864701551,0.003773001490018913,0.0
4,1,elastic_net,0.001,0.5,0.6344679144630335,0.003743778732137618,0.0
4,1,elastic_net,0.001,0.2,0.6373376330646557,0.003623536094973484,0.0
4,1,lasso,0.5,,0.5474152409337892,0.017659470836018726,8.0
4,1,lasso,1.0,,0.5482944933222521,0.01974290869748268,9.0
4,1,lasso,2.0,,0.5532023456613088,0.02185850376056539,9.2
4,1,lasso,5.0,,0.5590248170516492,0.0243356837927113,9.6
4,1,lasso,10.0,,0.5615525244757393,0.0253348984261274,10.0
4,1,lasso,0.2,,0.5728284717198087,0.00515004158779787,6.2
4,1,lasso,0.1,,0.5954848415417417,0.007634226489009452,1.2
4,1,lasso,0.05,,0.5980434428826682,0.0058116919135954796,0.0
4,1,lasso,0.02,,0.6076014984292386,0.00646284091694015,0.0
4,1,lasso,0.001,,0.6157496166105554,0.004452025357262065,0.0
4,1,lasso,0.002,,0.6157501758975865,0.004451923844541715,0.0
4,1,lasso,0.005,,0.6157601832301367,0.004439211144514119,0.0
4,1,lasso,0.01,,0.615765082001819,0.004437558752481045,0.0
4,2,ridge,0.1,,0.5530332875821159,0.021744220727590163,10.0
4,2,ridge,0.2,,0.5542867424908413,0.02915661916812204,10.0
4,2,ridge,0.05,,0.5566828966505246,0.014785064001115854,10.0
4,2,ridge,0.5,,0.5606886504903202,0.037974224705164095,10.0
4,2,ridge,1.0,,0.5661417934772242,0.043090894376699065,10.0
4,2,ridge,0.02,,0.5674897871801952,0.008081604345721458,10.0
4,2,ridge,2.0,,0.5706861294281607,0.04679013152812894,10.0
4,2,ridge,5.0,,0.5749543021742571,0.05001815619218157,10.0
4,2,ridge,0.01,,0.5767129351804658,0.00587543234564522,10.0
4,2,ridge,10.0,,0.5769355223810383,0.05149739070423157,10.0
4,2,ridge,0.005,,0.5842545317886696,0.005635673428923015,10.0
4,2,ridge,0.002,,0.5905133844774705,0.006065777833814602,10.0
4,2,ridge,0.001,,0.5930240370420368,0.006316914492939128,10.0
4,2,elastic_net,0.2,0.2,0.5525167564740772,0.0247592272860308,8.8
4,2,elastic_net,0.5,0.8,0.5546934573915584,0.029329079106300525,8.2
4,2,elastic_net,0.5,0.5,0.5553073272288466,0.03246756315003639,8.8
4,2,elastic_net,0.5,1.0,0.556121490802002,0.027480754859590496,8.0
4,2,elastic_net,0.5,0.2,0.5576687914900376,0.03585705479462778,9.4
4,2,elastic_net,1.0,1.0,0.5584051008723276,0.036808634752271294,8.8
4,2,elastic_net,0.2,0.5,0.5585799269768579,0.019231034648363465,8.0
4,2,elastic_net,0.1,0.2,0.5586039997355956,0.015681681507449287,8.4
4,2,elastic_net,1.0,0.8,0.5593376141544351,0.03808293234424185,8.8
4,2,elastic_net,1.0,0.5,0.561234574223043,0.040010259409906726,9.4
4,2,elastic_net,1.0,0.2,0.563955149701797,0.04186099151960868,9.8
4,2,elastic_net,2.0,1.0,0.5648289131814088,0.04334511785737531,9.4
4,2,elastic_net,2.0,0.8,0.5658580389574249,0.04403504166304079,9.4
4,2,elastic_net,2.0,0.5,0.5675041130325809,0.04508088431357021,9.8
4,2,elastic_net,2.0,0.2,0.5693657666216698,0.046113995710415814,10.0
4,2,elastic_net,0.2,0.8,0.5708444174501949,0.013229647673686536,7.2
4,2,elastic_net,5.0,1.0,0.5722057402038854,0.04859971897149182,10.0
4,2,elastic_net,5.0,0.8,0.5727348633001076,0.04888479776052262,10.0
4,2,elastic_net,5.0,0.5,0.5735346040161051,0.04930824941643913,10.0
4,2,elastic_net,5.0,0.2,0.5743417693959507,0.04972850371984164,10.0
4,2,elastic_net,10.0,1.0,0.5755905353803646,0.050822304023008136,10.0
4,2,elastic_net,10.0,0.8,0.575846356476046,0.050952645926138865,10.0
4,2,elastic_net,10.0,0.5,0.576232708797361,0.051148038313640835,10.0
4,2,elastic_net,10.0,0.2,0.5766230853374189,0.051343492068349636,10.0
4,2,elastic_net,0.05,0.2,0.5770367598669183,0.007417323344765687,7.6
4,2,elastic_net,0.2,1.0,0.5803222661120602,0.008766093808222778,6.4
4,2,elastic_net,0.1,0.5,0.5812135166776321,0.00729699476726636,6.2
4,2,elastic_net,0.1,0.8,0.5938649476327484,0.004400659000573156,2.2
4,2,elastic_net,0.05,0.5,0.5947297686148574,0.006784557586427509,0.8
4,2,elastic_net,0.1,1.0,0.5947833857006175,0.006912373079941121,0.8
4,2,elastic_net,0.02,0.2,0.595023229544964,0.0066856827262626525,0.8
4,2,elastic_net,0.05,0.8,0.5955834951286343,0.0062612296986887545,0.0
4,2,elastic_net,0.05,1.0,0.5956502062872262,0.0063991036144144175,0.0
4,2,elastic_net,0.02,0.5,0.5958778693932615,0.005995565909638126,0.0
4,2,elastic_net,0.01,0.2,0.595917011057907,0.005969174528488033,0.0
4,2,elastic_net,0.02,1.0,0.596130318008797,0.005923144963870003,0.0
4,2,elastic_net,0.02,0.8,0.5972553778704762,0.0057289753243757015,0.0
4,2,elastic_net,0.005,0.2,0.5979335371005318,0.00569948484840796,0.0
4,2,elastic_net,0.01,1.0,0.5993872041430689,0.007632687076766497,0.0
4,2,elastic_net,0.01,0.5,0.599743615558116,0.005574162831495682,0.0
4,2,elastic_net,0.001,1.0,0.6051400774747714,0.008216365584164444,0.0
4,2,elastic_net,0.002,1.0,0.6051400774747714,0.008216365584164444,0.0
4,2,elastic_net,0.005,1.0,0.6051480216747513,0.00821836161299387,0.0
4,2,elastic_net,0.01,0.8,0.6089220478145283,0.008229516630473489,0.0
4,2,elastic_net,0.005,0.5,0.6099129933917843,0.008250654967423767,0.0
4,2,elastic_net,0.002,0.2,0.6135996507166441,0.008257316597634503,0.0
4,2,elastic_net,0.005,0.8,0.6170337917360865,0.008960543437016952,0.0
4,2,elastic_net,0.002,0.8,0.6178531840314339,0.008947562016367682,0.0
4,2,elastic_net,0.001,0.8,0.6192233854967107,0.008912574172528004,0.0
4,2,elastic_net,0.002,0.5,0.6199023406359192,0.008891610507327759,0.0
4,2,elastic_net,0.001,0.5,0.6231520793246853,0.008755184127965913,0.0
4,2,elastic_net,0.001,0.2,0.6267971153231723,0.008547086828807273,0.0
4,2,lasso,0.5,,0.556121490802002,0.027480754859590496,8.0
4,2,lasso,1.0,,0.5584051008723276,0.036808634752271294,8.8
4,2,lasso,2.0,,0.5648289131814088,0.04334511785737531,9.4
4,2,lasso,5.0,,0.5722057402038854,0.04859971897149182,10.0
4,2,lasso,10.0,,0.5755905353803646,0.050822304023008136,10.0
4,2,lasso,0.2,,0.5803222661120602,0.008766093808222778,6.4
4,2,lasso,0.1,,0.5947833857006175,0.006912373079941121,0.8
4,2,lasso,0.05,,0.5956502062872262,0.0063991036144144175,0.0
4,2,lasso,0.02,,0.596130318008797,0.005923144963870003,0.0
4,2,lasso,0.01,,0.5993872041430689,0.007632687076766497,0.0
4,2,lasso,0.001,,0.6051400774747714,0.008216365584164444,0.0
4,2,lasso,0.002,,0.6051400774747714,0.008216365584164444,0.0
4,2,lasso,0.005,,0.6051480216747513,0.00821836161299387,0.0
4,3,ridge,0.2,,0.5233825961577441,0.03400599714701644,10.0
4,3,ridge,0.5,,0.5256629023639795,0.04068311525474982,10.0
4,3,ridge,0.1,,0.5283165934560083,0.02788961798387448,10.0
4,3,ridge,1.0,,0.5309027851143776,0.04449315832867934,10.0
4,3,ridge,2.0,,0.5363134111554883,0.04719382114454191,10.0
4,3,ridge,0.05,,0.5394097499801392,0.02139905779016595,10.0
4,3,ridge,5.0,,0.5412765301142677,0.049408902020843574,10.0
4,3,ridge,10.0,,0.543419023228455,0.050318958940274945,10.0
4,3,ridge,0.02,,0.5600659881201987,0.013577199339463221,10.0
4,3,ridge,0.01,,0.5752006758428738,0.009595301644018625,10.0
4,3,ridge,0.005,,0.5865172256306369,0.007778887486595542,10.0
4,3,ridge,0.002,,0.5952685855035522,0.007341274586732429,10.0
4,3,ridge,0.001,,0.5986204821667128,0.007423661145377954,10.0
4,3,elastic_net,0.5,0.2,0.5285579930311977,0.040054022998219765,9.6
4,3,elastic_net,0.2,0.2,0.5305280936121249,0.03267763644377815,9.2
4,3,elastic_net,1.0,0.2,0.532592973346607,0.04398396121978434,10.0
4,3,elastic_net,0.5,0.5,0.5331327776791499,0.03941652444422134,9.2
4,3,elastic_net,1.0,0.5,0.5352134961595586,0.04332786412934124,9.6
4,3,elastic_net,0.5,0.8,0.5366918343684368,0.03809373340657853,8.4
4,3,elastic_net,2.0,0.2,0.537111383336594,0.04692363577885814,10.0
4,3,elastic_net,1.0,0.8,0.5373735576087066,0.04292368617258107,9.6
4,3,elastic_net,2.0,0.5,0.5384482249467784,0.046460025221383656,10.0
4,3,elastic_net,1.0,1.0,0.5388171622545709,0.04261475399298096,9.4
4,3,elastic_net,0.5,1.0,0.5395342933851233,0.03698966893548324,8.4
4,3,elastic_net,2.0,0.8,0.5398609566912086,0.04602458633325531,10.0
4,3,elastic_net,2.0,1.0,0.5408397639307115,0.04575258188886994,10.0
4,3,elastic_net,5.0,0.2,0.5415704353436658,0.04930732986977885,10.0
4,3,elastic_net,5.0,0.5,0.5421303082992653,0.0490875676055161,10.0
4,3,elastic_net,0.2,0.5,0.5425486551271362,0.028458077793491215,7.8
4,3,elastic_net,5.0,0.8,0.5427054075922781,0.04887005830903024,10.0
4,3,elastic_net,5.0,1.0,0.5430950423416526,0.04872721781617715,10.0
4,3,elastic_net,10.0,0.2,0.543503788910689,0.050263117226565186,10.0
4,3,elastic_net,10.0,0.5,0.5437955587458003,0.05014755586500895,10.0
4,3,elastic_net,10.0,0.8,0.5440921029319071,0.050033728209702484,10.0
4,3,elastic_net,10.0,1.0,0.5442891193148421,0.04995794197341539,10.0
4,3,elastic_net,0.1,0.2,0.5445798497806957,0.02381251286881239,8.8
4,3,elastic_net,0.2,0.8,0.5533875247165891,0.023011356999719346,6.6
4,3,elastic_net,0.2,1.0,0.5614462476177388,0.01914255376378485,6.0
4,3,elastic_net,0.1,0.5,0.5662281756514409,0.01485377705450918,6.0
4,3,elastic_net,0.05,0.2,0.5679599574798917,0.013167774361219294,7.2
4,3,elastic_net,0.1,0.8,0.5877224306050032,0.008313590083844824,4.2
4,3,elastic_net,0.1,1.0,0.5987309630789779,0.0066416447440976875,2.4
4,3,elastic_net,0.05,0.5,0.5997259822085048,0.006743876982269627,2.4
4,3,elastic_net,0.02,0.2,0.6009028819915404,0.007091076812438034,2.2
4,3,elastic_net,0.05,0.8,0.6024065369236029,0.007103966064292792,0.0
4,3,elastic_net,0.05,1.0,0.6030216307767976,0.006907871173368015,0.0
4,3,elastic_net,0.02,0.5,0.6048706285003849,0.006065793900468063,0.0
4,3,elastic_net,0.01,0.2,0.6049695973940785,0.006003716445832821,0.0
4,3,elastic_net,0.02,0.8,0.6131723308466739,0.005787423567989783,0.0
4,3,elastic_net,0.02,1.0,0.6135412337582764,0.004278252690442442,0.0
4,3,elastic_net,0.005,0.2,0.6153603538340923,0.0058887885668948165,0.0
4,3,elastic_net,0.01,1.0,0.6212769698298419,0.0029139113372626596,0.0
4,3,elastic_net,0.01,0.5,0.6216366795522701,0.00457442972497121,0.0
4,3,elastic_net,0.001,1.0,0.6231343211931504,0.0031924189897678847,0.0
4,3,elastic_net,0.002,1.0,0.6231349445894079,0.003192038730458474,0.0
4,3,elastic_net,0.005,1.0,0.6231424909443469,0.003182520789348133,0.0
4,3,elastic_net,0.01,0.8,0.6289467690888133,0.004446787268615607,0.0
4,3,elastic_net,0.005,0.5,0.6331219441437836,0.003968804682779328,0.0
4,3,elastic_net,0.002,0.2,0.6358219487077719,0.00427763785215429,0.0
4,3,elastic_net,0.005,0.8,0.6365560243123072,0.0025262076845760893,0.0
4,3,elastic_net,0.002,0.8,0.6372113216069368,0.0024650600679653532,0.0
4,3,elastic_net,0.001,0.8,0.638278082996099,0.0023678106428979342,0.0
4,3,elastic_net,0.002,0.5,0.638801733153263,0.0023168743969909406,0.0
4,3,elastic_net,0.001,0.5,0.6412753263632947,0.002110677840828957,0.0
4,3,elastic_net,0.001,0.2,0.6439905185813174,0.001898049503464647,0.0
4,3,lasso,1.0,,0.5388171622545709,0.04261475399298096,9.4
4,3,lasso,0.5,,0.5395342933851233,0.03698966893548324,8.4
4,3,lasso,2.0,,0.5408397639307115,0.04575258188886994,10.0
4,3,lasso,5.0,,0.5430950423416526,0.04872721781617715,10.0
4,3,lasso,10.0,,0.5442891193148421,0.04995794197341539,10.0
4,3,lasso,0.2,,0.5614462476177388,0.01914255376378485,6.0
4,3,lasso,0.1,,0.5987309630789779,0.0066416447440976875,2.4
4,3,lasso,0.05,,0.6030216307767976,0.006907871173368015,0.0
4,3,lasso,0.02,,0.6135412337582764,0.004278252690442442,0.0
4,3,lasso,0.01,,0.6212769698298419,0.0029139113372626596,0.0
4,3,lasso,0.001,,0.6231343211931504,0.0031924189897678847,0.0
4,3,lasso,0.002,,0.6231349445894079,0.003192038730458474,0.0
4,3,lasso,0.005,,0.6231424909443469,0.003182520789348133,0.0
4,4,ridge,0.2,,0.5529683347228509,0.03810002483114168,10.0
4,4,ridge,0.1,,0.5532831952806712,0.02747538505510888,10.0
4,4,ridge,0.05,,0.560226114786769,0.018486370647226816,10.0
4,4,ridge,0.5,,0.5609151755614477,0.05146232112072875,10.0
4,4,ridge,1.0,,0.5689325789780282,0.059229755114418456,10.0
4,4,ridge,0.02,,0.5750456077673325,0.011120493983085735,10.0
4,4,ridge,2.0,,0.5758488632848783,0.06448133280242332,10.0
4,4,ridge,5.0,,0.581927830459302,0.06831707629240127,10.0
4,4,ridge,10.0,,0.5844153845189498,0.0697588915913574,10.0
4,4,ridge,0.01,,0.5853670918191328,0.00879443328380943,10.0
4,4,ridge,0.005,,0.5926638383215598,0.00798344739234286,10.0
4,4,ridge,0.002,,0.5980654964008034,0.00771594259370564,10.0
4,4,ridge,0.001,,0.6000842244042739,0.007673501554566083,10.0
4,4,elastic_net,0.2,0.2,0.5542049246742868,0.03396337094029559,9.0
4,4,elastic_net,0.5,0.5,0.5563536288409201,0.04578413042506951,8.8
4,4,elastic_net,0.5,0.8,0.55674277347938,0.04192959136862007,8.6
4,4,elastic_net,0.5,0.2,0.5581513725453311,0.0491040044420572,9.6
4,4,elastic_net,0.5,1.0,0.5582848759628883,0.03885806235858224,8.4
4,4,elastic_net,1.0,1.0,0.5602111856967864,0.05243785091439896,9.2
4,4,elastic_net,1.0,0.8,0.5613620952690266,0.05374874980525635,9.4
4,4,elastic_net,0.1,0.2,0.5635915500666093,0.019985115900436737,8.8
4,4,elastic_net,1.0,0.5,0.563598284931202,0.055736405452990745,9.6
4,4,elastic_net,0.2,0.5,0.5636356886575926,0.024717286548261243,8.0
4,4,elastic_net,1.0,0.2,0.5663047981034148,0.05755141597969571,9.8
4,4,elastic_net,2.0,1.0,0.5690003372338126,0.06058621561068027,9.8
4,4,elastic_net,2.0,0.8,0.5701235806130891,0.06125416392102136,9.8
4,4,elastic_net,2.0,0.5,0.5718994155893815,0.06222164485219823,9.8
4,4,elastic_net,2.0,0.2,0.5740608797578062,0.06340665563147185,10.0
4,4,elastic_net,5.0,1.0,0.5780627918631562,0.06621809232626116,9.8
4,4,elastic_net,5.0,0.8,0.5786803349938412,0.06651415055547644,10.0
4,4,elastic_net,5.0,0.5,0.5798685123248305,0.06717552456842231,10.0
4,4,elastic_net,0.2,0.8,0.579923053411114,0.017089108740337717,6.8
4,4,elastic_net,5.0,0.2,0.5810551254144876,0.06782425913888109,10.0
4,4,elastic_net,10.0,1.0,0.5823077525447917,0.06858434941841283,10.0
4,4,elastic_net,10.0,0.8,0.582719815824109,0.06880621849739589,10.0
4,4,elastic_net,10.0,0.5,0.5833383339426476,0.0691386730616532,10.0
4,4,elastic_net,10.0,0.2,0.5839548321670052,0.06946620715254141,10.0
4,4,elastic_net,0.05,0.2,0.5856831427321232,0.010487004042325556,6.6
4,4,elastic_net,0.2,1.0,0.5874255553618705,0.01519467287189025,6.2
4,4,elastic_net,0.1,0.5,0.5882507280322578,0.012217008732408144,6.0
4,4,elastic_net,0.05,1.0,0.6024945344432083,0.0069819345463445585,0.0
4,4,elastic_net,0.05,0.8,0.6027007927095167,0.007189948744125185,0.0
4,4,elastic_net,0.02,0.2,0.6031964362003334,0.008337913589995298,1.4
4,4,elastic_net,0.05,0.5,0.6041592363767345,0.009064912437988994,1.4
4,4,elastic_net,0.01,0.2,0.6046701571166752,0.0062150765790388845,0.0
4,4,elastic_net,0.1,1.0,0.605019074353508,0.009744290956514735,1.4
4,4,elastic_net,0.02,0.5,0.6051102445725911,0.005877013449993304,0.0
4,4,elastic_net,0.1,0.8,0.6062538589489624,0.012493791250581124,3.2
4,4,elastic_net,0.02,0.8,0.6065538237161145,0.005671655999526516,0.0
4,4,elastic_net,0.005,0.2,0.6085782374567557,0.005183443480563647,0.0
4,4,elastic_net,0.02,1.0,0.6149749595891546,0.006538322463914993,0.0
4,4,elastic_net,0.01,0.5,0.6221908621330637,0.007930646913421371,0.0
4,4,elastic_net,0.002,1.0,0.6261630085510868,0.008420585103395505,0.0
4,4,elastic_net,0.001,1.0,0.6261637318756407,0.008420347037640594,0.0
4,4,elastic_net,0.005,1.0,0.6261832999988038,0.008413352568000408,0.0
4,4,elastic_net,0.01,1.0,0.6262127490188775,0.008421038723374994,0.0
4,4,elastic_net,0.01,0.8,0.6394834751755636,0.007415844017217539,0.0
4,4,elastic_net,0.005,0.8,0.6396649053535118,0.007397467253906097,0.0
4,4,elastic_net,0.002,0.8,0.640240856306528,0.00736614763295472,0.0
4,4,elastic_net,0.005,0.5,0.6402725650394882,0.007365398852045076,0.0
4,4,elastic_net,0.001,0.8,0.6412072202236538,0.007303514434716276,0.0
4,4,elastic_net,0.002,0.5,0.641685085786283,0.007269056494453836,0.0
4,4,elastic_net,0.002,0.2,0.643069952636896,0.00717419642342373,0.0
4,4,elastic_net,0.001,0.5,0.6439162402630529,0.007109451662611597,0.0
4,4,elastic_net,0.001,0.2,0.6463822603009999,0.006906526386245323,0.0
4,4,lasso,0.5,,0.5582848759628883,0.03885806235858224,8.4
4,4,lasso,1.0,,0.5602111856967864,0.05243785091439896,9.2
4,4,lasso,2.0,,0.5690003372338126,0.06058621561068027,9.8
4,4,lasso,5.0,,0.5780627918631562,0.06621809232626116,9.8
4,4,lasso,10.0,,0.5823077525447917,0.06858434941841283,10.0
4,4,lasso,0.2,,0.5874255553618705,0.01519467287189025,6.2
4,4,lasso,0.05,,0.6024945344432083,0.0069819345463445585,0.0
4,4,lasso,0.1,,0.605019074353508,0.009744290956514735,1.4
4,4,lasso,0.02,,0.6149749595891546,0.006538322463914993,0.0
4,4,lasso,0.002,,0.6261630085510868,0.008420585103395505,0.0
4,4,lasso,0.001,,0.6261637318756407,0.008420347037640594,0.0
4,4,lasso,0.005,,0.6261832999988038,0.008413352568000408,0.0
4,4,lasso,0.01,,0.6262127490188775,0.008421038723374994,0.0
4,5,ridge,0.2,,0.5196629508315574,0.02113938697553447,10.0
4,5,ridge,0.5,,0.5211128554064579,0.024422848842069595,10.0
4,5,ridge,0.1,,0.5245896468329148,0.017592173423593982,10.0
4,5,ridge,1.0,,0.5256951599424675,0.02519988521748158,10.0
4,5,ridge,2.0,,0.5314244615931669,0.02441174824241991,10.0
4,5,ridge,0.05,,0.535626544552684,0.013721597553105553,10.0
4,5,ridge,5.0,,0.5387137056082916,0.022322319510886715,10.0
4,5,ridge,10.0,,0.5430203814084266,0.02102809330249799,10.0
4,5,ridge,0.02,,0.556252108613726,0.009544273340136886,10.0
4,5,ridge,0.01,,0.5717955511526727,0.007968966994722129,10.0
4,5,ridge,0.005,,0.5840052883887775,0.007511185133381432,10.0
4,5,ridge,0.002,,0.5939398067244671,0.00751075146689571,10.0
4,5,ridge,0.001,,0.5978845964550357,0.007569175704358111,10.0
4,5,elastic_net,0.5,0.2,0.5231705244531707,0.02364274195520419,9.4
4,5,elastic_net,1.0,0.2,0.5263301354410925,0.024740735715975633,9.4
4,5,elastic_net,1.0,0.5,0.5275623858455075,0.023722357019607253,9.0
4,5,elastic_net,0.2,0.2,0.5277796720274187,0.01899550347136891,9.0
4,5,elastic_net,0.5,0.5,0.5278814160578739,0.022518853728752813,8.8
4,5,elastic_net,1.0,0.8,0.5291836329302447,0.022747850923864672,9.0
4,5,elastic_net,1.0,1.0,0.5304332640534432,0.022162156757068858,8.8
4,5,elastic_net,2.0,0.2,0.5314350418150436,0.023633443804104357,9.8
4,5,elastic_net,2.0,0.5,0.5320069425256586,0.022529826300645654,9.2
4,5,elastic_net,0.5,0.8,0.5326817862922895,0.02157350979504537,8.6
4,5,elastic_net,2.0,0.8,0.5333253512850276,0.021474109421447035,9.0
4,5,elastic_net,2.0,1.0,0.5345353802570982,0.02063876742778509,9.0
4,5,elastic_net,0.5,1.0,0.5363890699396466,0.02129314628492245,8.4
4,5,elastic_net,5.0,0.2,0.5389264702426575,0.021871310572318416,9.8
4,5,elastic_net,5.0,0.5,0.5397067492258649,0.02102543391300045,9.8
4,5,elastic_net,5.0,0.8,0.5407281630924761,0.02011141932502967,9.8
4,5,elastic_net,5.0,1.0,0.5416268622605201,0.019450786264276595,9.6
4,5,elastic_net,0.1,0.2,0.5426463680517646,0.01559077884515014,8.6
4,5,elastic_net,10.0,0.2,0.5431434746705552,0.020805038777736148,10.0
4,5,elastic_net,10.0,0.5,0.5438237278117476,0.020319748604582914,9.8
4,5,elastic_net,0.2,0.5,0.5438874776898384,0.018691842908253143,8.6
4,5,elastic_net,10.0,0.8,0.5446431633356627,0.019815644996862582,9.8
4,5,elastic_net,10.0,1.0,0.5452724068734871,0.01947486109235697,9.8
4,5,elastic_net,0.2,0.8,0.5572675532020541,0.01670881513438994,7.2
4,5,elastic_net,0.05,0.2,0.5646357485173237,0.010781372411609837,7.2
4,5,elastic_net,0.2,1.0,0.5663175412639734,0.014361832244920922,6.4
4,5,elastic_net,0.1,0.5,0.5682131732432358,0.01200316665442008,6.6
4,5,elastic_net,0.1,0.8,0.5878257234735287,0.00892157535229947,3.2
4,5,elastic_net,0.1,1.0,0.595027662039833,0.00784266160442906,3.0
4,5,elastic_net,0.05,0.5,0.5954151118961667,0.007512432568759639,3.0
4,5,elastic_net,0.02,0.2,0.5974445032771357,0.0075093939607837655,3.2
4,5,elastic_net,0.05,0.8,0.6023072835679458,0.007171493314838038,0.0
4,5,elastic_net,0.05,1.0,0.602957119497281,0.007031089278223124,0.0
4,5,elastic_net,0.02,0.5,0.6055672192387945,0.006303552816405954,0.0
4,5,elastic_net,0.01,0.2,0.6057416196881634,0.006268996235999684,0.0
4,5,elastic_net,0.02,0.8,0.6088750626455112,0.00849708805482263,0.0
4,5,elastic_net,0.02,1.0,0.6103823216512657,0.007981582303043086,0.0
4,5,elastic_net,0.005,0.2,0.611632575990651,0.009066605126488601,0.0
4,5,elastic_net,0.01,0.5,0.6175770389097022,0.009951614719411118,0.0
4,5,elastic_net,0.005,1.0,0.6199195472146748,0.004677740007997566,0.0
4,5,elastic_net,0.01,1.0,0.6199279969256122,0.004681980624078821,0.0
4,5,elastic_net,0.002,1.0,0.6199354613441811,0.004682908835394715,0.0
4,5,elastic_net,0.001,1.0,0.6199375849889227,0.004684015586840811,0.0
4,5,elastic_net,0.01,0.8,0.6290333158775849,0.00393906100002792,0.0
4,5,elastic_net,0.005,0.8,0.6332813230088099,0.004158306887526421,0.0
4,5,elastic_net,0.002,0.8,0.6339402012861157,0.004091322618036805,0.0
4,5,elastic_net,0.005,0.5,0.6339420480387417,0.004093196358864752,0.0
4,5,elastic_net,0.001,0.8,0.6350115896036834,0.003987890780411989,0.0
4,5,elastic_net,0.002,0.5,0.6355238541098522,0.0039340359365551344,0.0
4,5,elastic_net,0.002,0.2,0.6370493993492559,0.0037901177283427893,0.0
4,5,elastic_net,0.001,0.5,0.6380247861532714,0.003696270260751658,0.0
4,5,elastic_net,0.001,0.2,0.6407670648616013,0.003437715592327638,0.0
4,5,lasso,1.0,,0.5304332640534432,0.022162156757068858,8.8
4,5,lasso,2.0,,0.5345353802570982,0.02063876742778509,9.0
4,5,lasso,0.5,,0.5363890699396466,0.02129314628492245,8.4
4,5,lasso,5.0,,0.5416268622605201,0.019450786264276595,9.6
4,5,lasso,10.0,,0.5452724068734871,0.01947486109235697,9.8
4,5,lasso,0.2,,0.5663175412639734,0.014361832244920922,6.4
4,5,lasso,0.1,,0.595027662039833,0.00784266160442906,3.0
4,5,lasso,0.05,,0.602957119497281,0.007031089278223124,0.0
4,5,lasso,0.02,,0.6103823216512657,0.007981582303043086,0.0
4,5,lasso,0.005,,0.6199195472146748,0.004677740007997566,0.0
4,5,lasso,0.01,,0.6199279969256122,0.004681980624078821,0.0
4,5,lasso,0.002,,0.6199354613441811,0.004682908835394715,0.0
4,5,lasso,0.001,,0.6199375849889227,0.004684015586840811,0.0
5,1,ridge,0.1,,0.5628939854428232,0.02647779744707909,10.0
5,1,ridge,0.05,,0.5643680350907195,0.017452221814827393,10.0
5,1,ridge,0.2,,0.5669867967460684,0.03644272904394074,10.0
5,1,ridge,0.02,,0.5733695638588022,0.009302248823682881,10.0
5,1,ridge,0.5,,0.5777964057136733,0.048336206811426696,10.0
5,1,ridge,0.01,,0.5815590221141627,0.006489235568484563,10.0
5,1,ridge,1.0,,0.5866681741894848,0.05484667178316865,10.0
5,1,ridge,0.005,,0.5881008727867828,0.005780280308855092,10.0
5,1,ridge,0.002,,0.5933478546695095,0.005913750318551701,10.0
5,1,ridge,2.0,,0.594106576016378,0.058914289329917345,10.0
5,1,ridge,0.001,,0.595391434166801,0.006080223323023745,10.0
5,1,ridge,5.0,,0.6008513386624172,0.061456527204474726,10.0
5,1,ridge,10.0,,0.6038359129763862,0.06225888315598308,10.0
5,1,elastic_net,0.2,0.2,0.571843549702067,0.03250621648249885,8.4
5,1,elastic_net,0.1,0.2,0.5771530414613176,0.019385715226311735,8.0
5,1,elastic_net,0.5,0.2,0.5788152369196572,0.04691644347130903,9.2
5,1,elastic_net,0.5,0.5,0.5800083220532308,0.04454731223088388,8.6
5,1,elastic_net,0.5,0.8,0.5831765375299348,0.04135787226753418,8.2
5,1,elastic_net,0.2,0.5,0.5843383606779693,0.025524830787462826,7.8
5,1,elastic_net,0.5,1.0,0.5860686860985972,0.03883187482850233,7.8
5,1,elastic_net,1.0,0.2,0.5871034693754671,0.054139378835867266,9.6
5,1,elastic_net,1.0,1.0,0.5873438779635007,0.05106803257402483,8.4
5,1,elastic_net,1.0,0.8,0.5873685915216693,0.051926042691965844,8.4
5,1,elastic_net,1.0,0.5,0.5874084989123223,0.05313806946689035,9.2
5,1,elastic_net,0.05,0.2,0.5919794333868784,0.010549448018066489,6.6
5,1,elastic_net,2.0,0.2,0.5942139817418697,0.05856090333447049,9.8
5,1,elastic_net,2.0,1.0,0.5943497099136472,0.05712667351600369,9.0
5,1,elastic_net,2.0,0.8,0.5944284141436134,0.0574955703084,9.2
5,1,elastic_net,2.0,0.5,0.5945278852135505,0.058030017020185565,9.6
5,1,elastic_net,0.2,0.8,0.5979005134193398,0.020521524409009003,6.8
5,1,elastic_net,0.05,0.8,0.597971022500939,0.006289288167572419,0.0
5,1,elastic_net,0.05,1.0,0.5981783091682751,0.006376182180264196,0.0
5,1,elastic_net,0.01,0.2,0.5989496984502305,0.00579247423652573,0.0
5,1,elastic_net,0.02,0.5,0.599274594581144,0.00575593012673369,0.0
5,1,elastic_net,0.02,0.2,0.5996106472551223,0.0059337238065088034,1.0
5,1,elastic_net,0.1,0.5,0.6003212640897899,0.0142167887806568,6.0
5,1,elastic_net,5.0,0.2,0.6008206780630388,0.06128463261539037,10.0
5,1,elastic_net,5.0,0.5,0.6009239070604944,0.061012262525192436,10.0
5,1,elastic_net,5.0,0.8,0.6010719333124162,0.060761561840579355,9.8
5,1,elastic_net,5.0,1.0,0.6011935670598351,0.06060629914329808,9.8
5,1,elastic_net,0.05,0.5,0.6015702078413068,0.005821760537960478,1.0
5,1,elastic_net,0.1,1.0,0.603567529510429,0.0059835718527969555,1.0
5,1,elastic_net,10.0,0.2,0.6038158818479118,0.06216309974875589,10.0
5,1,elastic_net,10.0,0.5,0.6039028517598871,0.06200939598971142,10.0
5,1,elastic_net,10.0,0.8,0.6039961448590601,0.06185726517546022,10.0
5,1,elastic_net,10.0,1.0,0.6040617667398828,0.061752425622066225,10.0
5,1,elastic_net,0.02,1.0,0.6043899013491322,0.005288163590620821,0.0
5,1,elastic_net,0.01,1.0,0.604733674607141,0.005217627852393336,0.0
5,1,elastic_net,0.2,1.0,0.6048377613153157,0.018839331600383338,5.8
5,1,elastic_net,0.02,0.8,0.6054786729890096,0.004776885793867201,0.0
5,1,elastic_net,0.005,1.0,0.6065404874614444,0.00508598978599638,0.0
5,1,elastic_net,0.001,1.0,0.6065488661767644,0.005086124027158317,0.0
5,1,elastic_net,0.002,1.0,0.6065493938321319,0.005085874946204301,0.0
5,1,elastic_net,0.005,0.2,0.6068905622039287,0.004979589615828092,0.0
5,1,elastic_net,0.1,0.8,0.6082127913781268,0.008173604725675685,2.8
5,1,elastic_net,0.01,0.8,0.6118898774707533,0.00401921950985248,0.0
5,1,elastic_net,0.01,0.5,0.6121521780256168,0.004038654957840415,0.0
5,1,elastic_net,0.005,0.5,0.6135688021320258,0.0034298464182424666,0.0
5,1,elastic_net,0.005,0.8,0.616644677198779,0.002728469667733319,0.0
5,1,elastic_net,0.002,0.2,0.6167910931977847,0.0036335059496648953,0.0
5,1,elastic_net,0.002,0.8,0.6174039044612872,0.002696229810739314,0.0
5,1,elastic_net,0.001,0.8,0.6186441936885845,0.0026591817390623513,0.0
5,1,elastic_net,0.002,0.5,0.6192589942818492,0.0026472169553010926,0.0
5,1,elastic_net,0.001,0.5,0.6222868798735053,0.0026410288316459024,0.0
5,1,elastic_net,0.001,0.2,0.6257442727471594,0.002670954913593056,0.0
5,1,lasso,0.5,,0.5860686860985972,0.03883187482850233,7.8
5,1,lasso,1.0,,0.5873438779635007,0.05106803257402483,8.4
5,1,lasso,2.0,,0.5943497099136472,0.05712667351600369,9.0
5,1,lasso,0.05,,0.5981783091682751,0.006376182180264196,0.0
5,1,lasso,5.0,,0.6011935670598351,0.06060629914329808,9.8
5,1,lasso,0.1,,0.603567529510429,0.0059835718527969555,1.0
5,1,lasso,10.0,,0.6040617667398828,0.061752425622066225,10.0
5,1,lasso,0.02,,0.6043899013491322,0.005288163590620821,0.0
5,1,lasso,0.01,,0.604733674607141,0.005217627852393336,0.0
5,1,lasso,0.2,,0.6048377613153157,0.018839331600383338,5.8
5,1,lasso,0.005,,0.6065404874614444,0.00508598978599638,0.0
5,1,lasso,0.001,,0.6065488661767644,0.005086124027158317,0.0
5,1,lasso,0.002,,0.6065493938321319,0.005085874946204301,0.0
5,2,ridge,0.1,,0.5635734030399565,0.017954965409240454,10.0
5,2,ridge,0.05,,0.564326969680432,0.012511858561663317,10.0
5,2,ridge,0.2,,0.5689013556921917,0.024595434053563226,10.0
5,2,ridge,0.02,,0.5724558576052714,0.008260049104630787,10.0
5,2,ridge,0.01,,0.5801533453493458,0.007041834432395955,10.0
5,2,ridge,0.5,,0.582202274159981,0.03294254979346813,10.0
5,2,ridge,0.005,,0.5864453717718646,0.006678951936894966,10.0
5,2,ridge,0.002,,0.5915679250166812,0.006600064707238071,10.0
5,2,ridge,1.0,,0.593234757530358,0.03761246893776925,10.0
5,2,ridge,0.001,,0.5935895794171886,0.0066019064494142335,10.0
5,2,ridge,2.0,,0.6029660082210793,0.04103220394767587,10.0
5,2,ridge,5.0,,0.6116000422099414,0.04340135652759293,10.0
5,2,ridge,10.0,,0.6154271822758476,0.04433702029867744,10.0
5,2,elastic_net,0.2,0.2,0.5711116573916426,0.020214586624701335,9.6
5,2,elastic_net,0.1,0.2,0.5753246379514206,0.012927642153624935,8.4
5,2,elastic_net,0.2,0.5,0.5791447217236634,0.017963599348058447,8.4
5,2,elastic_net,0.5,0.8,0.5805544706795968,0.025979549145291964,9.0
5,2,elastic_net,0.5,0.5,0.5808009538084775,0.028156536679521164,9.8
5,2,elastic_net,0.5,1.0,0.5808386895996207,0.02487285806941616,8.6
5,2,elastic_net,0.5,0.2,0.581353250816876,0.03101207648612931,9.8
5,2,elastic_net,1.0,1.0,0.5891360477976921,0.032832217492514304,9.6
5,2,elastic_net,1.0,0.8,0.5897543279479327,0.033787904780638686,9.8
5,2,elastic_net,0.05,0.2,0.5903516377251119,0.008547946774321184,7.6
5,2,elastic_net,0.2,0.8,0.5908823312393643,0.016355812126329177,7.2
5,2,elastic_net,1.0,0.5,0.5909429308002554,0.03527973977994351,9.8
5,2,elastic_net,1.0,0.2,0.5923217485756915,0.03681986469765762,9.8
5,2,elastic_net,0.1,0.5,0.5947780284471023,0.009353029776970811,6.2
5,2,elastic_net,0.2,1.0,0.5957126986553778,0.01231336231431962,6.2
5,2,elastic_net,0.05,0.8,0.5959776552784418,0.006134898998251834,0.0
5,2,elastic_net,0.05,1.0,0.5961441720492987,0.006268453942055102,0.0
5,2,elastic_net,0.02,0.2,0.5963057264446462,0.006150695254613813,1.0
5,2,elastic_net,0.05,0.5,0.5971018231360856,0.006118364503339633,1.0
5,2,elastic_net,0.01,0.2,0.5973112248472877,0.005567558159199529,0.0
5,2,elastic_net,0.1,1.0,0.59782164560234,0.006123467830286996,1.0
5,2,elastic_net,0.02,0.5,0.5985216695861839,0.0053856117350070684,0.0
5,2,elastic_net,0.1,0.8,0.5986517556366647,0.00560933516378112,3.0
5,2,elastic_net,2.0,1.0,0.5996827323835895,0.0384923619437876,9.6
5,2,elastic_net,2.0,0.8,0.6002898471098307,0.03901042805669811,9.6
5,2,elastic_net,2.0,0.5,0.601182126929535,0.03979223995095634,9.6
5,2,elastic_net,2.0,0.2,0.6021010523097752,0.0405687221745647,9.8
5,2,elastic_net,0.02,1.0,0.6063229813691368,0.0072990579269253,0.0
5,2,elastic_net,0.02,0.8,0.6065094713297021,0.009383806322761043,0.0
5,2,elastic_net,0.005,0.2,0.6080997514334289,0.009971154650981272,0.0
5,2,elastic_net,5.0,1.0,0.6102038419669857,0.04252351986082379,9.6
5,2,elastic_net,5.0,0.8,0.6104093644173068,0.042724899999188895,9.6
5,2,elastic_net,5.0,0.5,0.610790086545593,0.04297692709842919,10.0
5,2,elastic_net,5.0,0.2,0.6111442744701154,0.04321756072884557,10.0
5,2,elastic_net,0.01,1.0,0.6113114681370797,0.006248433481313445,0.0
5,2,elastic_net,0.01,0.5,0.6134575222291284,0.008352667317494235,0.0
5,2,elastic_net,10.0,1.0,0.6146882678012993,0.04394473398097701,10.0
5,2,elastic_net,10.0,0.8,0.6147841635913386,0.044017741133598166,10.0
5,2,elastic_net,10.0,0.5,0.6149273150988841,0.044128955781011094,10.0
5,2,elastic_net,10.0,0.2,0.6150737656003251,0.044241516182707157,10.0
5,2,elastic_net,0.002,1.0,0.6152307758155061,0.004317161403380832,0.0
5,2,elastic_net,0.001,1.0,0.6152311085205812,0.004317104464164899,0.0
5,2,elastic_net,0.005,1.0,0.6152460867812571,0.004319618749859444,0.0
5,2,elastic_net,0.01,0.8,0.6224641766384958,0.007272920213940106,0.0
5,2,elastic_net,0.005,0.8,0.6226767586880287,0.00726700961270867,0.0
5,2,elastic_net,0.005,0.5,0.6233548833646212,0.007275254459142907,0.0
5,2,elastic_net,0.002,0.2,0.6265682173905007,0.007281353502213205,0.0
5,2,elastic_net,0.002,0.8,0.6291110248616656,0.004325420091185376,0.0
5,2,elastic_net,0.001,0.8,0.6303096813013368,0.00419986583749956,0.0
5,2,elastic_net,0.001,0.2,0.6304799566556909,0.0072765683663559635,0.0
5,2,elastic_net,0.002,0.5,0.630901545836078,0.004141419833445084,0.0
5,2,elastic_net,0.001,0.5,0.6336954301821465,0.0038550123261405396,0.0
5,2,lasso,0.5,,0.5808386895996207,0.02487285806941616,8.6
5,2,lasso,1.0,,0.5891360477976921,0.032832217492514304,9.6
5,2,lasso,0.2,,0.5957126986553778,0.01231336231431962,6.2
5,2,lasso,0.05,,0.5961441720492987,0.006268453942055102,0.0
5,2,lasso,0.1,,0.59782164560234,0.006123467830286996,1.0
5,2,lasso,2.0,,0.5996827323835895,0.0384923619437876,9.6
5,2,lasso,0.02,,0.6063229813691368,0.0072990579269253,0.0
5,2,lasso,5.0,,0.6102038419669857,0.04252351986082379,9.6
5,2,lasso,0.01,,0.6113114681370797,0.006248433481313445,0.0
5,2,lasso,10.0,,0.6146882678012993,0.04394473398097701,10.0
5,2,lasso,0.002,,0.6152307758155061,0.004317161403380832,0.0
5,2,lasso,0.001,,0.6152311085205812,0.004317104464164899,0.0
5,2,lasso,0.005,,0.6152460867812571,0.004319618749859444,0.0
5,3,ridge,0.2,,0.5384570759133712,0.02530380829658307,10.0
5,3,ridge,0.1,,0.5389906972915709,0.01893626653282664,10.0
5,3,ridge,0.5,,0.5450883267522514,0.03356972678519159,10.0
5,3,ridge,0.05,,0.5462537961047912,0.01380703213902068,10.0
5,3,ridge,1.0,,0.5517281088720051,0.038417620437807685,10.0
5,3,ridge,2.0,,0.5571095483426239,0.04168967694540254,10.0
5,3,ridge,5.0,,0.5615413347853697,0.044094327484403756,10.0
5,3,ridge,10.0,,0.563292186814369,0.04499160598718333,10.0
5,3,ridge,0.02,,0.5633439275776503,0.009810333606479541,10.0
5,3,ridge,0.01,,0.576739216976516,0.008483142242913183,10.0
5,3,ridge,0.005,,0.5871139920154762,0.007964454934402298,10.0
5,3,ridge,0.002,,0.5954090252805492,0.007746702648434773,10.0
5,3,ridge,0.001,,0.5986654233541423,0.00769684094629633,10.0
5,3,elastic_net,0.2,0.2,0.5388192285015216,0.021965054305126273,8.8
5,3,elastic_net,0.5,0.5,0.5424002086422303,0.02933908146638123,9.0
5,3,elastic_net,0.5,0.8,0.5426595323634616,0.02675150280345961,8.6
5,3,elastic_net,0.5,1.0,0.5433085550732447,0.02500091377135287,8.0
5,3,elastic_net,0.5,0.2,0.5437001864721415,0.03192236165872996,9.2
5,3,elastic_net,0.2,0.5,0.5462987725052396,0.01787100441145759,7.8
5,3,elastic_net,1.0,1.0,0.54700985996787,0.03371156784401887,8.8
5,3,elastic_net,1.0,0.8,0.5475908565868046,0.03468885524430156,9.2
5,3,elastic_net,0.1,0.2,0.547886473315396,0.014799848411238218,7.8
5,3,elastic_net,1.0,0.5,0.5488898753110606,0.03610709825713485,9.6
5,3,elastic_net,1.0,0.2,0.5504310622268748,0.03749600383714654,9.6
5,3,elastic_net,2.0,1.0,0.5534388329783491,0.03924960677477546,9.6
5,3,elastic_net,2.0,0.8,0.5540774622165981,0.0397415205935647,9.6
5,3,elastic_net,2.0,0.5,0.5551318475853457,0.040469236161918644,9.6
5,3,elastic_net,2.0,0.2,0.5562890010356691,0.04118543065183231,10.0
5,3,elastic_net,0.2,0.8,0.5573617877395292,0.014636655815551404,7.0
5,3,elastic_net,5.0,1.0,0.559683514446913,0.04306585403341621,9.6
5,3,elastic_net,5.0,0.8,0.5600485462133944,0.04326465551222686,10.0
5,3,elastic_net,5.0,0.5,0.5605706578834647,0.04357207437294855,10.0
5,3,elastic_net,5.0,0.2,0.5611097004375349,0.04387870837550692,10.0
5,3,elastic_net,10.0,1.0,0.5622650092544547,0.04446324019219129,10.0
5,3,elastic_net,10.0,0.8,0.5624525668494401,0.044567178008605574,10.0
5,3,elastic_net,10.0,0.5,0.5627340821359745,0.04472023793667945,10.0
5,3,elastic_net,10.0,0.2,0.5630225505989954,0.044875719836903916,10.0
5,3,elastic_net,0.2,1.0,0.5661940335949474,0.01424630402456485,6.8
5,3,elastic_net,0.05,0.2,0.570450288526098,0.009876438707993741,7.2
5,3,elastic_net,0.1,0.5,0.5704777706842286,0.011915943472285617,6.8
5,3,elastic_net,0.1,0.8,0.5910222232604143,0.007890474196763433,3.8
5,3,elastic_net,0.1,1.0,0.5947878468242334,0.007718866184577409,1.6
5,3,elastic_net,0.05,0.5,0.5966082897870385,0.007729582064205658,1.8
5,3,elastic_net,0.02,0.2,0.5989801366517464,0.007728209269469502,2.0
5,3,elastic_net,0.05,0.8,0.602620121576232,0.006979247778493224,0.0
5,3,elastic_net,0.05,1.0,0.6027552493733827,0.006977925056006314,0.0
5,3,elastic_net,0.01,0.2,0.6041272755682933,0.006299425248631317,0.0
5,3,elastic_net,0.02,0.5,0.604886032570896,0.006074061524542474,0.0
5,3,elastic_net,0.02,1.0,0.6112670899425721,0.009067957665946532,0.0
5,3,elastic_net,0.02,0.8,0.6115402989026626,0.011242113759691577,0.0
5,3,elastic_net,0.005,0.2,0.6133518292032953,0.011546411073936032,0.0
5,3,elastic_net,0.01,1.0,0.6148729455189776,0.01051281464287164,0.0
5,3,elastic_net,0.01,0.5,0.6171910808817872,0.01027340603217889,0.0
5,3,elastic_net,0.005,1.0,0.6206096419761457,0.009944165423502448,0.0
5,3,elastic_net,0.001,1.0,0.6239440396912505,0.008150571226616233,0.0
5,3,elastic_net,0.002,1.0,0.6239447884271023,0.008150176063395749,0.0
5,3,elastic_net,0.01,0.8,0.6248314725041658,0.011011097441889214,0.0
5,3,elastic_net,0.005,0.5,0.6255614512111409,0.010997031220396088,0.0
5,3,elastic_net,0.002,0.2,0.6282317517686772,0.010928415929756425,0.0
5,3,elastic_net,0.005,0.8,0.6320095378213985,0.010613151468250119,0.0
5,3,elastic_net,0.002,0.8,0.6375165720412792,0.007676995259638233,0.0
5,3,elastic_net,0.001,0.8,0.6385628587076024,0.007576539990996128,0.0
5,3,elastic_net,0.001,0.2,0.6387397962317267,0.010424392201132815,0.0
5,3,elastic_net,0.002,0.5,0.6390759274453234,0.007523782082917518,0.0
5,3,elastic_net,0.001,0.5,0.6415083854012097,0.0072739198280579506,0.0
5,3,lasso,0.5,,0.5433085550732447,0.02500091377135287,8.0
5,3,lasso,1.0,,0.54700985996787,0.03371156784401887,8.8
5,3,lasso,2.0,,0.5534388329783491,0.03924960677477546,9.6
5,3,lasso,5.0,,0.559683514446913,0.04306585403341621,9.6
5,3,lasso,10.0,,0.5622650092544547,0.04446324019219129,10.0
5,3,lasso,0.2,,0.5661940335949474,0.01424630402456485,6.8
5,3,lasso,0.1,,0.5947878468242334,0.007718866184577409,1.6
5,3,lasso,0.05,,0.6027552493733827,0.006977925056006314,0.0
5,3,lasso,0.02,,0.6112670899425721,0.009067957665946532,0.0
5,3,lasso,0.01,,0.6148729455189776,0.01051281464287164,0.0
5,3,lasso,0.005,,0.6206096419761457,0.009944165423502448,0.0
5,3,lasso,0.001,,0.6239440396912505,0.008150571226616233,0.0
5,3,lasso,0.002,,0.6239447884271023,0.008150176063395749,0.0
5,4,ridge,0.05,,0.574648979016507,0.026136735401786265,10.0
5,4,ridge,0.1,,0.5768584397281601,0.03588710831123758,10.0
5,4,ridge,0.02,,0.5795452762678657,0.015232764134299736,10.0
5,4,ridge,0.2,,0.5851874325282231,0.04520821085181843,10.0
5,4,ridge,0.01,,0.5860459098578843,0.01019565373557895,10.0
5,4,ridge,0.005,,0.5921169281119378,0.008031035949702973,10.0
5,4,ridge,0.002,,0.5975039487269427,0.007468552326929492,10.0
5,4,ridge,0.001,,0.5997308541558845,0.0074985055365846464,10.0
5,4,ridge,0.5,,0.6030026878337924,0.05535361860730621,10.0
5,4,ridge,1.0,,0.6181547327411945,0.061098295502738834,10.0
5,4,ridge,2.0,,0.6321071218440385,0.06565890393870523,10.0
5,4,ridge,5.0,,0.6468718476716188,0.07059025070336292,10.0
5,4,ridge,10.0,,0.6546663779500922,0.07351345179680363,10.0
5,4,elastic_net,0.2,0.2,0.5857378937937463,0.04271954046947396,8.8
5,4,elastic_net,0.1,0.2,0.5884794455928535,0.03000572089219506,8.2
5,4,elastic_net,0.2,0.5,0.595112751476787,0.03741873417416926,8.0
5,4,elastic_net,0.5,0.8,0.5979091004799821,0.05325890108840593,8.4
5,4,elastic_net,0.5,0.5,0.598448069882212,0.05405667296340815,9.0
5,4,elastic_net,0.5,1.0,0.5988974986967561,0.052273807548905656,8.2
5,4,elastic_net,0.5,0.2,0.6004406298788253,0.05474529570639381,9.6
5,4,elastic_net,0.05,0.2,0.6015926341801194,0.014366265880839169,6.6
5,4,elastic_net,0.05,0.8,0.6027789295431311,0.007124903459880444,0.0
5,4,elastic_net,0.05,1.0,0.6028862465063303,0.007210514192981563,0.0
5,4,elastic_net,0.02,0.2,0.6033924142416545,0.007902390666292197,2.6
5,4,elastic_net,0.01,0.2,0.6044399617017994,0.006323216208667764,0.0
5,4,elastic_net,0.05,0.5,0.6047578497408407,0.0082632023913118,2.6
5,4,elastic_net,0.02,0.5,0.6055085051360882,0.005843470414783631,0.0
5,4,elastic_net,0.1,1.0,0.6061603213480331,0.008697715912488168,2.6
5,4,elastic_net,0.02,1.0,0.6092290587407445,0.005306090768630199,0.0
5,4,elastic_net,0.2,0.8,0.6093369047680428,0.0277342534026779,7.0
5,4,elastic_net,0.1,0.5,0.6098891751908786,0.015859200596461384,5.8
5,4,elastic_net,0.1,0.8,0.6101861922244144,0.009187854517434339,3.2
5,4,elastic_net,0.02,0.8,0.6104144480527721,0.005256746627898699,0.0
5,4,elastic_net,1.0,1.0,0.6111974065713146,0.06042058195517149,9.2
5,4,elastic_net,1.0,0.8,0.6124897525882512,0.060582828827558166,9.2
5,4,elastic_net,0.005,0.2,0.6125225167964693,0.005109449431641906,0.0
5,4,elastic_net,1.0,0.5,0.6143692300215028,0.0608447475822914,9.4
5,4,elastic_net,0.2,1.0,0.6158740358481956,0.020759297649436907,5.8
5,4,elastic_net,0.01,0.5,0.6163644583450256,0.004760465536180821,0.0
5,4,elastic_net,1.0,0.2,0.6165299128780717,0.0609677412304497,9.6
5,4,elastic_net,0.005,1.0,0.6202882687085013,0.0070065648023070375,0.0
5,4,elastic_net,0.01,1.0,0.6202956745648388,0.006991988998007771,0.0
5,4,elastic_net,0.01,0.8,0.6209712363051629,0.004868284202885005,0.0
5,4,elastic_net,0.002,1.0,0.6255756161685857,0.008728457177548684,0.0
5,4,elastic_net,0.001,1.0,0.6255760661729567,0.008728230541782832,0.0
5,4,elastic_net,2.0,1.0,0.630550074679476,0.0661035689987106,9.4
5,4,elastic_net,2.0,0.8,0.630652251395871,0.06603456661754509,9.6
5,4,elastic_net,2.0,0.5,0.6310737681078363,0.06591173635153683,9.6
5,4,elastic_net,2.0,0.2,0.6316396270274993,0.06580780058352656,9.6
5,4,elastic_net,0.005,0.8,0.6318226339279662,0.0066242959675507414,0.0
5,4,elastic_net,0.005,0.5,0.6323995022888204,0.006611011099497026,0.0
5,4,elastic_net,0.002,0.5,0.6337869679181108,0.006602889254671925,0.0
5,4,elastic_net,0.002,0.2,0.6351274020737212,0.00657373299090243,0.0
5,4,elastic_net,0.001,0.2,0.6384476892139321,0.006496009232939408,0.0
5,4,elastic_net,0.002,0.8,0.6392159680450803,0.0079058067593584,0.0
5,4,elastic_net,0.001,0.8,0.6402133175399994,0.007842184164538852,0.0
5,4,elastic_net,0.001,0.5,0.6430095254010202,0.007640482321192657,0.0
5,4,elastic_net,5.0,0.2,0.6469622068844033,0.07076175882504217,9.8
5,4,elastic_net,5.0,0.5,0.6476613380764776,0.0712120908384227,9.8
5,4,elastic_net,5.0,0.8,0.6485419367705457,0.07171398647628535,9.6
5,4,elastic_net,5.0,1.0,0.6492280377615323,0.072068762148013,9.6
5,4,elastic_net,10.0,0.2,0.6546897440553466,0.07359995574328893,10.0
5,4,elastic_net,10.0,0.5,0.6554221910251776,0.07400781267860804,9.8
5,4,elastic_net,10.0,0.8,0.6562617716263985,0.0744665218320719,9.8
5,4,elastic_net,10.0,1.0,0.6569031987426606,0.07480990214746865,9.8
5,4,lasso,0.5,,0.5988974986967561,0.052273807548905656,8.2
5,4,lasso,0.05,,0.6028862465063303,0.007210514192981563,0.0
5,4,lasso,0.1,,0.6061603213480331,0.008697715912488168,2.6
5,4,lasso,0.02,,0.6092290587407445,0.005306090768630199,0.0
5,4,lasso,1.0,,0.6111974065713146,0.06042058195517149,9.2
5,4,lasso,0.2,,0.6158740358481956,0.020759297649436907,5.8
5,4,lasso,0.005,,0.6202882687085013,0.0070065648023070375,0.0
5,4,lasso,0.01,,0.6202956745648388,0.006991988998007771,0.0
5,4,lasso,0.002,,0.6255756161685857,0.008728457177548684,0.0
5,4,lasso,0.001,,0.6255760661729567,0.008728230541782832,0.0
5,4,lasso,2.0,,0.630550074679476,0.0661035689987106,9.4
5,4,lasso,5.0,,0.6492280377615323,0.072068762148013,9.6
5,4,lasso,10.0,,0.6569031987426606,0.07480990214746865,9.8
5,5,ridge,0.2,,0.5440927806528024,0.04273924972885449,10.0
5,5,ridge,0.1,,0.5454526866729038,0.03534431767770256,10.0
5,5,ridge,0.5,,0.5516954707583513,0.052979965821575215,10.0
5,5,ridge,0.05,,0.553893011205909,0.028370638285232664,10.0
5,5,ridge,1.0,,0.5603119194736691,0.06011771245013255,10.0
5,5,ridge,2.0,,0.568076163872161,0.06589570403822746,10.0
5,5,ridge,0.02,,0.5705227211626902,0.020042847208789297,10.0
5,5,ridge,5.0,,0.5751244920537727,0.07097250888458491,10.0
5,5,ridge,10.0,,0.578146117230118,0.07318610219259851,10.0
5,5,ridge,0.01,,0.5821474384086915,0.015166280607151602,10.0
5,5,ridge,0.005,,0.5906007229572776,0.011865757891671866,10.0
5,5,ridge,0.002,,0.597085828058297,0.009469184296520555,10.0
5,5,ridge,0.001,,0.5995619828063153,0.008586521293424442,10.0
5,5,elastic_net,0.2,0.2,0.5497419762833284,0.03843966404580344,9.0
5,5,elastic_net,0.5,0.2,0.5513725425189603,0.05106203742065575,9.4
5,5,elastic_net,0.5,0.5,0.5528372193480086,0.047740455835743635,8.8
5,5,elastic_net,0.5,0.8,0.555763873802718,0.04411641728793516,8.8
5,5,elastic_net,1.0,0.8,0.5580614033039946,0.0556226020422306,9.2
5,5,elastic_net,1.0,1.0,0.5582515945969996,0.05428393322928164,8.8
5,5,elastic_net,1.0,0.5,0.5582749903200315,0.05747923762380398,9.6
5,5,elastic_net,0.5,1.0,0.5583620526423608,0.041555775180404625,8.6
5,5,elastic_net,1.0,0.2,0.5590849580732116,0.0591778895123354,9.8
5,5,elastic_net,0.1,0.2,0.5625868932952149,0.027936872563634793,9.2
5,5,elastic_net,0.2,0.5,0.5630990952574851,0.03138840672254762,8.6
5,5,elastic_net,2.0,1.0,0.5649324950961903,0.06330401826232016,9.6
5,5,elastic_net,2.0,0.8,0.5653223492581905,0.06391755494037492,9.8
5,5,elastic_net,2.0,0.5,0.5661267455232524,0.0647349211127956,9.8
5,5,elastic_net,2.0,0.2,0.5671275981511518,0.06544628465415331,10.0
5,5,elastic_net,5.0,1.0,0.57333191819763,0.07032758830090372,9.8
5,5,elastic_net,5.0,0.8,0.5736414704310443,0.07045794582503506,10.0
5,5,elastic_net,5.0,0.5,0.5741423551773519,0.07063989948471543,10.0
5,5,elastic_net,5.0,0.2,0.5746525346987644,0.0708124906035651,10.0
5,5,elastic_net,10.0,1.0,0.5772343413634808,0.07292910481798597,10.0
5,5,elastic_net,10.0,0.8,0.5773881483379911,0.07296597217396725,10.0
5,5,elastic_net,10.0,0.5,0.5776255105265834,0.07302400913350084,10.0
5,5,elastic_net,10.0,0.2,0.5778678089893573,0.0730829535837257,10.0
5,5,elastic_net,0.2,0.8,0.5822076284036777,0.022549795159288195,7.4
5,5,elastic_net,0.05,0.2,0.5895865670846804,0.0153895095940868,7.2
5,5,elastic_net,0.2,1.0,0.5961898515669957,0.01699827118103642,6.0
5,5,elastic_net,0.1,0.5,0.5968683971263015,0.014502851994325083,6.0
5,5,elastic_net,0.05,1.0,0.6022233410870257,0.007067505409144919,0.0
5,5,elastic_net,0.02,0.2,0.6025774513095556,0.007868820892468096,1.6
5,5,elastic_net,0.05,0.8,0.6026565078450172,0.007197592587120983,0.0
5,5,elastic_net,0.05,0.5,0.6027366742212761,0.008245205543924789,1.6
5,5,elastic_net,0.1,1.0,0.6028623374593792,0.00871663961906206,1.4
5,5,elastic_net,0.01,0.2,0.6046732969244928,0.0060781637580245105,0.0
5,5,elastic_net,0.1,0.8,0.6046845283207272,0.009591929741265178,3.0
5,5,elastic_net,0.02,1.0,0.6093470309631439,0.00489040705760799,0.0
5,5,elastic_net,0.02,0.5,0.6104911094406485,0.006431355030420955,0.0
5,5,elastic_net,0.01,1.0,0.6136730808648355,0.004716164285518375,0.0
5,5,elastic_net,0.001,1.0,0.6148445364097123,0.005208534970129231,0.0
5,5,elastic_net,0.002,1.0,0.6148461786200498,0.005208363519863206,0.0
5,5,elastic_net,0.005,1.0,0.6148610375175261,0.005202342504509343,0.0
5,5,elastic_net,0.02,0.8,0.6149703154272469,0.0040706445487224555,0.0
5,5,elastic_net,0.005,0.2,0.6177374751522523,0.0041470887040388985,0.0
5,5,elastic_net,0.01,0.5,0.617828213421866,0.004333647100437293,0.0
5,5,elastic_net,0.01,0.8,0.6252973528680748,0.0038372208957155735,0.0
5,5,elastic_net,0.005,0.5,0.6260948888608201,0.00382307063069528,0.0
5,5,elastic_net,0.005,0.8,0.628516212340379,0.0040360381226272205,0.0
5,5,elastic_net,0.002,0.2,0.6289549994449639,0.0038500584371160226,0.0
5,5,elastic_net,0.002,0.8,0.6291801232406475,0.003988694418168419,0.0
5,5,elastic_net,0.001,0.8,0.6302748809534504,0.0039025129874386906,0.0
5,5,elastic_net,0.002,0.5,0.6308246763472078,0.003858005291765112,0.0
5,5,elastic_net,0.001,0.5,0.633398310770206,0.003664685521591762,0.0
5,5,elastic_net,0.001,0.2,0.6362741792702842,0.0034533287229687537,0.0
5,5,lasso,1.0,,0.5582515945969996,0.05428393322928164,8.8
5,5,lasso,0.5,,0.5583620526423608,0.041555775180404625,8.6
5,5,lasso,2.0,,0.5649324950961903,0.06330401826232016,9.6
5,5,lasso,5.0,,0.57333191819763,0.07032758830090372,9.8
5,5,lasso,10.0,,0.5772343413634808,0.07292910481798597,10.0
5,5,lasso,0.2,,0.5961898515669957,0.01699827118103642,6.0
5,5,lasso,0.05,,0.6022233410870257,0.007067505409144919,0.0
5,5,lasso,0.1,,0.6028623374593792,0.00871663961906206,1.4
5,5,lasso,0.02,,0.6093470309631439,0.00489040705760799,0.0
5,5,lasso,0.01,,0.6136730808648355,0.004716164285518375,0.0
5,5,lasso,0.001,,0.6148445364097123,0.005208534970129231,0.0
5,5,lasso,0.002,,0.6148461786200498,0.005208363519863206,0.0
5,5,lasso,0.005,,0.6148610375175261,0.005202342504509343,0.0
6,1,ridge,0.1,,0.5589239126287299,0.018703895210908972,10.0
6,1,ridge,0.05,,0.5610652360126887,0.012712500595988146,10.0
6,1,ridge,0.2,,0.5640640377934195,0.026181425675117657,10.0
6,1,ridge,0.02,,0.5711296492539196,0.007473384086629097,10.0
6,1,ridge,0.01,,0.5799134206896107,0.005850053443154134,10.0
6,1,ridge,0.5,,0.5807590234665433,0.03750241712117027,10.0
6,1,ridge,0.005,,0.5870099319240817,0.005623381061082573,10.0
6,1,ridge,0.002,,0.5928060175983969,0.0058971719114606315,10.0
6,1,ridge,0.001,,0.5950979868060344,0.006078366170647828,10.0
6,1,ridge,1.0,,0.5964344227936099,0.04581486470478632,10.0
6,1,ridge,2.0,,0.6106346462482255,0.052664804654131425,10.0
6,1,ridge,5.0,,0.6241423394209326,0.05897210782270882,10.0
6,1,ridge,10.0,,0.6303146152339714,0.06183214316723723,10.0
6,1,elastic_net,0.1,0.2,0.5653579311666737,0.015065379068371873,8.8
6,1,elastic_net,0.2,0.2,0.5665249096798843,0.022855987307814622,9.2
6,1,elastic_net,0.2,0.5,0.5693189733669254,0.019984821395993155,8.4
6,1,elastic_net,0.5,1.0,0.5771910917719036,0.0305411132740573,8.6
6,1,elastic_net,0.5,0.8,0.5774018987627342,0.03118813140256479,8.8
6,1,elastic_net,0.5,0.5,0.577508714215568,0.032793469572525574,9.4
6,1,elastic_net,0.5,0.2,0.5785880226713594,0.035580527476484464,9.8
6,1,elastic_net,0.05,0.2,0.5794627332024583,0.006203494784005333,7.2
6,1,elastic_net,0.2,0.8,0.5804564379203555,0.013347839097493763,7.0
6,1,elastic_net,0.1,0.5,0.5849663514315591,0.006832065508965591,6.2
6,1,elastic_net,1.0,1.0,0.5874160815141434,0.04029133604253054,9.4
6,1,elastic_net,0.2,1.0,0.5875629357527503,0.010294831667600278,6.2
6,1,elastic_net,1.0,0.8,0.5885382874312398,0.04135333570372508,9.6
6,1,elastic_net,1.0,0.5,0.5911954449843084,0.04303381724169959,9.8
6,1,elastic_net,0.1,0.8,0.5939918061969004,0.004800874561904572,3.4
6,1,elastic_net,1.0,0.2,0.5943825537391979,0.04467549022080844,10.0
6,1,elastic_net,0.1,1.0,0.5959189794797586,0.005995617995718036,1.2
6,1,elastic_net,0.05,0.5,0.5964706998359732,0.006059634407054791,1.2
6,1,elastic_net,0.02,0.2,0.5971996623736138,0.006125014912241253,1.2
6,1,elastic_net,0.05,1.0,0.5985239838837784,0.005915814256869476,0.0
6,1,elastic_net,0.05,0.8,0.5986653169806859,0.00574037384118063,0.0
6,1,elastic_net,0.01,0.2,0.6020411776581992,0.004739124687343575,0.0
6,1,elastic_net,0.02,0.5,0.6024915764639234,0.004801644654794525,0.0
6,1,elastic_net,2.0,1.0,0.6036861495705891,0.049638499957327435,10.0
6,1,elastic_net,0.02,1.0,0.6043473744713198,0.0068695436717238776,0.0
6,1,elastic_net,2.0,0.8,0.6052733050176327,0.0502603608790834,10.0
6,1,elastic_net,2.0,0.5,0.6074239320345478,0.051182865517213585,10.0
6,1,elastic_net,2.0,0.2,0.6093187298392484,0.05206364340696758,10.0
6,1,elastic_net,0.02,0.8,0.6100057533239353,0.008415441089208235,0.0
6,1,elastic_net,0.01,1.0,0.6100940953052656,0.0059517750715596205,0.0
6,1,elastic_net,0.01,0.5,0.6120440179558921,0.008619929209106758,0.0
6,1,elastic_net,0.005,0.2,0.6128517539959872,0.008779156312607311,0.0
6,1,elastic_net,0.005,1.0,0.613331595105137,0.005348036924396265,0.0
6,1,elastic_net,0.01,0.8,0.6141856717046684,0.00745809640910714,0.0
6,1,elastic_net,0.002,1.0,0.619177723355677,0.002080956526335215,0.0
6,1,elastic_net,0.001,1.0,0.6191783496276555,0.0020807938715892457,0.0
6,1,elastic_net,0.005,0.5,0.6212793724287462,0.007555740441569407,0.0
6,1,elastic_net,5.0,1.0,0.6217014148571212,0.05786857085953041,10.0
6,1,elastic_net,5.0,0.8,0.6221770146183891,0.058091183223035574,10.0
6,1,elastic_net,5.0,0.5,0.6228376859950526,0.05840366189807995,10.0
6,1,elastic_net,5.0,0.2,0.6234548329163979,0.058698990251714066,10.0
6,1,elastic_net,0.002,0.2,0.6239157041426774,0.007790906998193159,0.0
6,1,elastic_net,0.005,0.8,0.6258440016200325,0.006311002257648178,0.0
6,1,elastic_net,0.002,0.8,0.6264693993489093,0.006345957509855068,0.0
6,1,elastic_net,0.002,0.5,0.6279660851391179,0.006424219999136867,0.0
6,1,elastic_net,10.0,1.0,0.6291309043528386,0.06132989017769581,10.0
6,1,elastic_net,10.0,0.8,0.6292975901131626,0.06141351653715648,10.0
6,1,elastic_net,10.0,0.5,0.6295373800607644,0.061530762768067716,10.0
6,1,elastic_net,10.0,0.2,0.6297676632262771,0.061645766861155304,10.0
6,1,elastic_net,0.001,0.2,0.6329982427204707,0.00661318973666004,0.0
6,1,elastic_net,0.001,0.8,0.6349931523686818,0.0014379213488108014,0.0
6,1,elastic_net,0.001,0.5,0.6380105834399042,0.00137890810979011,0.0
6,1,lasso,0.5,,0.5771910917719036,0.0305411132740573,8.6
6,1,lasso,1.0,,0.5874160815141434,0.04029133604253054,9.4
6,1,lasso,0.2,,0.5875629357527503,0.010294831667600278,6.2
6,1,lasso,0.1,,0.5959189794797586,0.005995617995718036,1.2
6,1,lasso,0.05,,0.5985239838837784,0.005915814256869476,0.0
6,1,lasso,2.0,,0.6036861495705891,0.049638499957327435,10.0
6,1,lasso,0.02,,0.6043473744713198,0.0068695436717238776,0.0
6,1,lasso,0.01,,0.6100940953052656,0.0059517750715596205,0.0
6,1,lasso,0.005,,0.613331595105137,0.005348036924396265,0.0
6,1,lasso,0.002,,0.619177723355677,0.002080956526335215,0.0
6,1,lasso,0.001,,0.6191783496276555,0.0020807938715892457,0.0
6,1,lasso,5.0,,0.6217014148571212,0.05786857085953041,10.0
6,1,lasso,10.0,,0.6291309043528386,0.06132989017769581,10.0
6,2,ridge,0.2,,0.5667395909595205,0.017665229615021854,10.0
6,2,ridge,0.1,,0.566835571872207,0.01461420895894798,10.0
6,2,ridge,0.05,,0.5702040569176139,0.011919000565949363,10.0
6,2,ridge,0.5,,0.5708572231943508,0.021917672026531134,10.0
6,2,ridge,1.0,,0.5749773756438901,0.02460050068723871,10.0
6,2,ridge,0.02,,0.5779706803955428,0.009008468806438342,10.0
6,2,ridge,2.0,,0.5786196759024991,0.02647858808119539,10.0
6,2,ridge,5.0,,0.5818913416619585,0.027904012194980257,10.0
6,2,ridge,10.0,,0.583411708305851,0.028463214542274167,10.0
6,2,ridge,0.01,,0.5840294273616219,0.007556897366385482,10.0
6,2,ridge,0.005,,0.5887858202131362,0.006856267132970829,10.0
6,2,ridge,0.002,,0.5926288077149791,0.006606708675813784,10.0
6,2,ridge,0.001,,0.5941438661117633,0.006588385417591087,10.0
6,2,elastic_net,0.5,0.2,0.5732379352384944,0.021015164692608456,9.2
6,2,elastic_net,0.2,0.2,0.5747841582001865,0.01661223382683654,9.0
6,2,elastic_net,1.0,0.2,0.5758105989776665,0.024135262713895596,9.6
6,2,elastic_net,0.5,0.5,0.5768586430314974,0.02004335789835506,9.0
6,2,elastic_net,1.0,0.5,0.5775396347444676,0.023434302510001077,9.2
6,2,elastic_net,2.0,0.2,0.5788223808128741,0.026261304218192952,9.8
6,2,elastic_net,0.1,0.2,0.5788588656322985,0.012440194348094201,8.0
6,2,elastic_net,1.0,0.8,0.5789509324761845,0.02278725276614945,9.0
6,2,elastic_net,2.0,0.5,0.5793944686955681,0.025913253232438434,9.6
6,2,elastic_net,1.0,1.0,0.579933699646759,0.022410318241257474,8.8
6,2,elastic_net,2.0,0.8,0.5801682397406246,0.025561820847049777,9.4
6,2,elastic_net,2.0,1.0,0.5807274991643456,0.025320112404399856,9.4
6,2,elastic_net,5.0,0.2,0.581953144407777,0.027826372951809394,10.0
6,2,elastic_net,5.0,0.5,0.5820985699807146,0.02769699673010554,10.0
6,2,elastic_net,5.0,0.8,0.5822616311840534,0.0275677107669738,9.8
6,2,elastic_net,5.0,1.0,0.5823149238288973,0.027465409348457804,9.8
6,2,elastic_net,0.2,0.5,0.5833252464780454,0.014051241327204662,7.4
6,2,elastic_net,0.5,0.8,0.5833352128439225,0.01975398765409623,8.2
6,2,elastic_net,10.0,0.2,0.5833744996526185,0.028421959138188367,10.0
6,2,elastic_net,10.0,0.5,0.583424087554898,0.028354564410107447,10.0
6,2,elastic_net,10.0,0.8,0.5834799520532179,0.028287681077767687,10.0
6,2,elastic_net,10.0,1.0,0.5835206897298477,0.028243130299448926,10.0
6,2,elastic_net,0.5,1.0,0.5853099655562168,0.018593551431958805,7.8
6,2,elastic_net,0.05,0.2,0.5874655169624652,0.008348230519313021,6.6
6,2,elastic_net,0.2,0.8,0.5916954276985988,0.01091659992266158,7.0
6,2,elastic_net,0.1,0.5,0.5921680466054702,0.009912030809205502,5.6
6,2,elastic_net,0.2,1.0,0.594661012458533,0.010842351772502408,5.8
6,2,elastic_net,0.02,0.2,0.5961855429270901,0.006953172665495407,1.6
6,2,elastic_net,0.05,0.8,0.5963932941045788,0.006009081143597584,0.0
6,2,elastic_net,0.05,0.5,0.5966496330233029,0.007246759515147822,1.6
6,2,elastic_net,0.1,1.0,0.5971862865743234,0.007482259005504897,1.6
6,2,elastic_net,0.05,1.0,0.597569691293049,0.006479560042435269,0.0
6,2,elastic_net,0.1,0.8,0.5985764190777281,0.008828143187040048,2.6
6,2,elastic_net,0.01,0.2,0.6033153124024564,0.007252088256262585,0.0
6,2,elastic_net,0.02,1.0,0.6036377401519039,0.007206609185116851,0.0
6,2,elastic_net,0.02,0.5,0.6047052997323634,0.006740240916305597,0.0
6,2,elastic_net,0.01,1.0,0.6074039568475385,0.006963636787818785,0.0
6,2,elastic_net,0.02,0.8,0.6098786279532895,0.008410692402371172,0.0
6,2,elastic_net,0.01,0.8,0.6120186122851143,0.008431425138459034,0.0
6,2,elastic_net,0.01,0.5,0.6122226187210786,0.008450791520132303,0.0
6,2,elastic_net,0.005,0.2,0.6131011756506212,0.008547406434215709,0.0
6,2,elastic_net,0.002,1.0,0.6164961277018469,0.0034672408446005786,0.0
6,2,elastic_net,0.001,1.0,0.6164961541226515,0.0034672521760497027,0.0
6,2,elastic_net,0.005,1.0,0.6164964782457968,0.0034707973691196427,0.0
6,2,elastic_net,0.005,0.5,0.6180265591223424,0.008473913226053844,0.0
6,2,elastic_net,0.002,0.2,0.6206553624954634,0.008734620413810366,0.0
6,2,elastic_net,0.005,0.8,0.6302405483794099,0.0029392977246543548,0.0
6,2,elastic_net,0.002,0.8,0.6308950387752055,0.002925123575990933,0.0
6,2,elastic_net,0.001,0.8,0.6319617194199658,0.002904292773527006,0.0
6,2,elastic_net,0.002,0.5,0.6324834043490093,0.0028953903247636815,0.0
6,2,elastic_net,0.001,0.5,0.6349865736043556,0.002839692086881364,0.0
6,2,elastic_net,0.001,0.2,0.6377644272489971,0.0027735434698320433,0.0
6,2,lasso,1.0,,0.579933699646759,0.022410318241257474,8.8
6,2,lasso,2.0,,0.5807274991643456,0.025320112404399856,9.4
6,2,lasso,5.0,,0.5823149238288973,0.027465409348457804,9.8
6,2,lasso,10.0,,0.5835206897298477,0.028243130299448926,10.0
6,2,lasso,0.5,,0.5853099655562168,0.018593551431958805,7.8
6,2,lasso,0.2,,0.594661012458533,0.010842351772502408,5.8
6,2,lasso,0.1,,0.5971862865743234,0.007482259005504897,1.6
6,2,lasso,0.05,,0.597569691293049,0.006479560042435269,0.0
6,2,lasso,0.02,,0.6036377401519039,0.007206609185116851,0.0
6,2,lasso,0.01,,0.6074039568475385,0.006963636787818785,0.0
6,2,lasso,0.002,,0.6164961277018469,0.0034672408446005786,0.0
6,2,lasso,0.001,,0.6164961541226515,0.0034672521760497027,0.0
6,2,lasso,0.005,,0.6164964782457968,0.0034707973691196427,0.0
6,3,ridge,0.1,,0.5552512445796497,0.014543350626507547,10.0
6,3,ridge,0.2,,0.5561186636833098,0.018409601839196026,10.0
6,3,ridge,0.05,,0.5597625914483446,0.011193198656881813,10.0
6,3,ridge,0.5,,0.5628056127664107,0.022998740075502403,10.0
6,3,ridge,1.0,,0.568503737649267,0.02549035115628975,10.0
6,3,ridge,0.02,,0.5717215206085108,0.008579507202869544,10.0
6,3,ridge,2.0,,0.5730477497423083,0.027114596368177445,10.0
6,3,ridge,5.0,,0.5765624569131574,0.02827177728836971,10.0
6,3,ridge,10.0,,0.5779426525667188,0.02869815462842117,10.0
6,3,ridge,0.01,,0.5816898557079524,0.00785877518238295,10.0
6,3,ridge,0.005,,0.589785198013368,0.007653830724412373,10.0
6,3,ridge,0.002,,0.5965174673307839,0.007618048499362136,10.0
6,3,ridge,0.001,,0.5992239475175194,0.007629108914811266,10.0
6,3,elastic_net,0.5,1.0,0.5462543276279882,0.01376207593407846,7.8
6,3,elastic_net,0.2,0.5,0.54780452968314,0.010349628712224127,7.0
6,3,elastic_net,0.5,0.8,0.5482667038061759,0.015721756366087147,8.6
6,3,elastic_net,0.2,0.2,0.5501623448457929,0.014550435833399574,9.4
6,3,elastic_net,0.5,0.5,0.5530819836666689,0.01856900078541559,9.2
6,3,elastic_net,0.1,0.2,0.5530905580327343,0.010019924218093357,8.4
6,3,elastic_net,0.2,0.8,0.5551498311144041,0.010464173765581803,5.6
6,3,elastic_net,1.0,1.0,0.5570287278071447,0.02073284866321995,8.8
6,3,elastic_net,0.5,0.2,0.5586439322944805,0.02123934590980412,9.8
6,3,elastic_net,1.0,0.8,0.5592737386125731,0.021716942431303468,9.2
6,3,elastic_net,0.2,1.0,0.5605277888057459,0.010243859684183735,5.6
6,3,elastic_net,1.0,0.5,0.562645494232451,0.023181209751529295,9.6
6,3,elastic_net,1.0,0.2,0.5661782065815955,0.024669477132612548,9.6
6,3,elastic_net,2.0,1.0,0.5670439515758021,0.024597878993338318,9.2
6,3,elastic_net,0.1,0.5,0.5674887280583891,0.009503796701137334,5.4
6,3,elastic_net,2.0,0.8,0.5682734102622649,0.025143115464800785,9.4
6,3,elastic_net,2.0,0.5,0.5701994497176248,0.025947083769037035,9.6
6,3,elastic_net,0.05,0.2,0.5711399506562318,0.008908528627372538,6.0
6,3,elastic_net,2.0,0.2,0.5720232154697675,0.026635783418128764,10.0
6,3,elastic_net,5.0,1.0,0.5744359474670369,0.027269131400118857,9.8
6,3,elastic_net,5.0,0.8,0.5748165798376483,0.027483368547126987,10.0
6,3,elastic_net,5.0,0.5,0.575451814574518,0.027777337489732493,10.0
6,3,elastic_net,5.0,0.2,0.5760861777682488,0.028070957476275426,10.0
6,3,elastic_net,10.0,1.0,0.5767816561071799,0.028194648686071456,10.0
6,3,elastic_net,10.0,0.8,0.5770013886007209,0.0282886611290368,10.0
6,3,elastic_net,10.0,0.5,0.5773265581355981,0.028438721903345884,10.0
6,3,elastic_net,10.0,0.2,0.5776538805146936,0.028590147038268628,10.0
6,3,elastic_net,0.1,0.8,0.5919634762535361,0.008287694439225068,3.4
6,3,elastic_net,0.1,1.0,0.5996733188822579,0.0079873123091093,1.6
6,3,elastic_net,0.05,0.5,0.6004509938524678,0.007835916447055407,1.6
6,3,elastic_net,0.02,0.2,0.6013433238527565,0.00769942115013277,1.6
6,3,elastic_net,0.05,0.8,0.6025974554826041,0.006897245503572181,0.0
6,3,elastic_net,0.05,1.0,0.6026630453331351,0.006900915954031968,0.0
6,3,elastic_net,0.01,0.2,0.606333066717701,0.0059229801149742614,0.0
6,3,elastic_net,0.02,1.0,0.6126879609226418,0.009378229837070675,0.0
6,3,elastic_net,0.02,0.8,0.6130363652255635,0.010700437234888232,0.0
6,3,elastic_net,0.02,0.5,0.6148672577413177,0.010956108839558098,0.0
6,3,elastic_net,0.005,0.2,0.6157256942663989,0.010989945266403171,0.0
6,3,elastic_net,0.01,1.0,0.6161728921012117,0.00940588568470373,0.0
6,3,elastic_net,0.01,0.5,0.6210789553175184,0.010223431734981284,0.0
6,3,elastic_net,0.001,1.0,0.622801351341623,0.008003659146556373,0.0
6,3,elastic_net,0.002,1.0,0.6228021010564769,0.00800385913263672,0.0
6,3,elastic_net,0.005,1.0,0.6228152970894271,0.008001080288672021,0.0
6,3,elastic_net,0.01,0.8,0.6238780076294332,0.008863385307191014,0.0
6,3,elastic_net,0.005,0.5,0.6289843796519425,0.009495587123367443,0.0
6,3,elastic_net,0.002,0.2,0.6318263759292692,0.00933280418037078,0.0
6,3,elastic_net,0.005,0.8,0.6365732307708611,0.007413190386729377,0.0
6,3,elastic_net,0.002,0.8,0.6371999137616953,0.007366911279936428,0.0
6,3,elastic_net,0.001,0.8,0.6382301092224104,0.0072844625584992185,0.0
6,3,elastic_net,0.002,0.5,0.6387445282634867,0.007241394453851859,0.0
6,3,elastic_net,0.001,0.5,0.641134994680891,0.007039281825684791,0.0
6,3,elastic_net,0.001,0.2,0.643779958032234,0.0067959390457161175,0.0
6,3,lasso,0.5,,0.5462543276279882,0.01376207593407846,7.8
6,3,lasso,1.0,,0.5570287278071447,0.02073284866321995,8.8
6,3,lasso,0.2,,0.5605277888057459,0.010243859684183735,5.6
6,3,lasso,2.0,,0.5670439515758021,0.024597878993338318,9.2
6,3,lasso,5.0,,0.5744359474670369,0.027269131400118857,9.8
6,3,lasso,10.0,,0.5767816561071799,0.028194648686071456,10.0
6,3,lasso,0.1,,0.5996733188822579,0.0079873123091093,1.6
6,3,lasso,0.05,,0.6026630453331351,0.006900915954031968,0.0
6,3,lasso,0.02,,0.6126879609226418,0.009378229837070675,0.0
6,3,lasso,0.01,,0.6161728921012117,0.00940588568470373,0.0
6,3,lasso,0.001,,0.622801351341623,0.008003659146556373,0.0
6,3,lasso,0.002,,0.6228021010564769,0.00800385913263672,0.0
6,3,lasso,0.005,,0.6228152970894271,0.008001080288672021,0.0
6,4,ridge,0.2,,0.5466022018111191,0.015479284468648234,10.0
6,4,ridge,0.1,,0.5474281826633567,0.012258459183201783,10.0
6,4,ridge,0.05,,0.555761524725314,0.009640831619527104,10.0
6,4,ridge,0.5,,0.5561271480186033,0.021093167326603282,10.0
6,4,ridge,1.0,,0.5690347764164432,0.02683127375877363,10.0
6,4,ridge,0.02,,0.5725620600707706,0.007118977067033381,10.0
6,4,ridge,0.01,,0.5840473966763067,0.006319238348235747,10.0
6,4,ridge,2.0,,0.5848395703463687,0.03450556654472312,10.0
6,4,ridge,0.005,,0.5920316144716489,0.006386619334945061,10.0
6,4,ridge,0.002,,0.597842984053164,0.006917195830293086,10.0
6,4,ridge,0.001,,0.5999821698896717,0.007237423751436501,10.0
6,4,ridge,5.0,,0.6050917657080889,0.04642834649649889,10.0
6,4,ridge,10.0,,0.6171342687290948,0.05464061553970534,10.0
6,4,elastic_net,0.2,0.2,0.5601754492579966,0.018182009054866825,9.4
6,4,elastic_net,0.5,0.2,0.5604204945854289,0.021933216180423116,9.0
6,4,elastic_net,0.5,0.5,0.569511773585638,0.024331210684241603,8.6
6,4,elastic_net,1.0,0.2,0.5706533329857316,0.0273358412169697,9.2
6,4,elastic_net,1.0,0.5,0.5751379496893051,0.02884965795542813,8.8
6,4,elastic_net,0.1,0.2,0.5762648302590487,0.018315600160363796,9.0
6,4,elastic_net,1.0,0.8,0.5805083573074145,0.030514037187738464,8.6
6,4,elastic_net,0.5,0.8,0.5809886617277,0.028033589856705125,8.4
6,4,elastic_net,1.0,1.0,0.5844368987836995,0.03178372252731922,8.6
6,4,elastic_net,2.0,0.2,0.5867346492812441,0.03551909585820132,10.0
6,4,elastic_net,0.2,0.5,0.5881541779514841,0.026085756522710776,8.4
6,4,elastic_net,0.05,0.2,0.588525933189161,0.010742473066151266,7.2
6,4,elastic_net,2.0,0.5,0.5903250395319366,0.037548111971181394,9.4
6,4,elastic_net,0.5,1.0,0.590533066733198,0.03143281184709794,8.4
6,4,elastic_net,0.1,0.5,0.5923755949139704,0.012274029893325076,6.4
6,4,elastic_net,2.0,0.8,0.5953194684987722,0.04058287101591143,9.0
6,4,elastic_net,0.2,0.8,0.5957078194597075,0.02094471440405651,6.6
6,4,elastic_net,0.2,1.0,0.5965524866166648,0.01632761888927623,6.4
6,4,elastic_net,0.1,0.8,0.598797415935327,0.007882953156324762,3.8
6,4,elastic_net,2.0,1.0,0.5998471400866465,0.043445251266889,9.0
6,4,elastic_net,0.05,1.0,0.6022199006516227,0.007552720193086514,0.0
6,4,elastic_net,0.05,0.8,0.6024484125107005,0.0075245847764512114,0.0
6,4,elastic_net,0.02,0.2,0.6027132580893426,0.007967973135902777,1.8
6,4,elastic_net,0.01,0.2,0.6031856511582441,0.006693025018503355,0.0
6,4,elastic_net,0.05,0.5,0.6033172850941932,0.008307726753704942,1.8
6,4,elastic_net,0.02,0.5,0.603525100274371,0.006585391938108504,0.0
6,4,elastic_net,0.1,1.0,0.6038546960432477,0.008493145265466753,2.0
6,4,elastic_net,0.02,1.0,0.6064386397330976,0.006126965027335528,0.0
6,4,elastic_net,5.0,0.2,0.606744046908822,0.047588052613870196,10.0
6,4,elastic_net,0.01,1.0,0.6073675535856993,0.006686890127790259,0.0
6,4,elastic_net,0.001,1.0,0.6097303530436713,0.005541071137393359,0.0
6,4,elastic_net,0.002,1.0,0.6097317058678231,0.005541035283259455,0.0
6,4,elastic_net,0.005,1.0,0.6097350228568401,0.005547134244505619,0.0
6,4,elastic_net,5.0,0.5,0.6102841419425237,0.05015917982944114,10.0
6,4,elastic_net,0.02,0.8,0.6114422379958715,0.004805329287073843,0.0
6,4,elastic_net,0.01,0.5,0.611955436549318,0.004755929159792812,0.0
6,4,elastic_net,0.005,0.2,0.6127256240725147,0.004688375409875874,0.0
6,4,elastic_net,5.0,0.8,0.6147686543839109,0.05356086760546125,9.8
6,4,elastic_net,0.01,0.8,0.6147871803446506,0.006624108417014241,0.0
6,4,elastic_net,0.005,0.5,0.6154955229166081,0.006644456025250836,0.0
6,4,elastic_net,10.0,0.2,0.6181895384193032,0.05545578615698207,10.0
6,4,elastic_net,0.002,0.2,0.6181928930714894,0.0067864687772258995,0.0
6,4,elastic_net,5.0,1.0,0.6185230616330677,0.056524100051382045,9.8
6,4,elastic_net,0.005,0.8,0.6207257854128085,0.004525161827308334,0.0
6,4,elastic_net,10.0,0.5,0.6208989553639284,0.05758253552242925,10.0
6,4,elastic_net,0.002,0.8,0.6214876629374022,0.004466142799866327,0.0
6,4,elastic_net,0.001,0.8,0.6227312574651084,0.004374855472023287,0.0
6,4,elastic_net,0.002,0.5,0.6233430778634104,0.0043338700571785085,0.0
6,4,elastic_net,10.0,0.8,0.6240324398381822,0.06009695815659081,10.0
6,4,elastic_net,0.001,0.5,0.6263057483816692,0.004126112030376643,0.0
6,4,elastic_net,10.0,1.0,0.6264715699207505,0.062095754790364575,9.8
6,4,elastic_net,0.001,0.2,0.6296296705112545,0.003910148450193482,0.0
6,4,lasso,1.0,,0.5844368987836995,0.03178372252731922,8.6
6,4,lasso,0.5,,0.590533066733198,0.03143281184709794,8.4
6,4,lasso,0.2,,0.5965524866166648,0.01632761888927623,6.4
6,4,lasso,2.0,,0.5998471400866465,0.043445251266889,9.0
6,4,lasso,0.05,,0.6022199006516227,0.007552720193086514,0.0
6,4,lasso,0.1,,0.6038546960432477,0.008493145265466753,2.0
6,4,lasso,0.02,,0.6064386397330976,0.006126965027335528,0.0
6,4,lasso,0.01,,0.6073675535856993,0.006686890127790259,0.0
6,4,lasso,0.001,,0.6097303530436713,0.005541071137393359,0.0
6,4,lasso,0.002,,0.6097317058678231,0.005541035283259455,0.0
6,4,lasso,0.005,,0.6097350228568401,0.005547134244505619,0.0
6,4,lasso,5.0,,0.6185230616330677,0.056524100051382045,9.8
6,4,lasso,10.0,,0.6264715699207505,0.062095754790364575,9.8
6,5,ridge,0.1,,0.5384305135677923,0.035971496617931004,10.0
6,5,ridge,0.2,,0.5398271328207648,0.045869078694311324,10.0
6,5,ridge,0.05,,0.5442478961948971,0.026150821144059387,10.0
6,5,ridge,0.5,,0.5492552987889675,0.057876441863841804,10.0
6,5,ridge,1.0,,0.5579470323433675,0.06517727397815504,10.0
6,5,ridge,0.02,,0.5607566924250437,0.014876682991717995,10.0
6,5,ridge,2.0,,0.5651772231079488,0.07044482846383256,10.0
6,5,ridge,5.0,,0.5714212062207075,0.07467822622987043,10.0
6,5,ridge,10.0,,0.5740128021022273,0.0764241626858351,10.0
6,5,ridge,0.01,,0.5746607607258338,0.00927209216814894,10.0
6,5,ridge,0.005,,0.5857744462078062,0.0069554964167416805,10.0
6,5,ridge,0.002,,0.5947841554852582,0.006833313352378179,10.0
6,5,ridge,0.001,,0.5983376268457488,0.007151946816431656,10.0
6,5,elastic_net,0.2,0.2,0.5423847478914389,0.039163761404357754,9.8
6,5,elastic_net,0.5,0.5,0.5475336053996533,0.04865954348506463,9.8
6,5,elastic_net,0.5,0.2,0.5481344764212317,0.05402011711508316,10.0
6,5,elastic_net,0.5,0.8,0.5484603095925952,0.04381028470843528,9.0
6,5,elastic_net,0.5,1.0,0.5494209024723201,0.04108363640914492,8.8
6,5,elastic_net,0.1,0.2,0.5496837742162114,0.02666460056659925,9.0
6,5,elastic_net,0.2,0.5,0.5512133729665732,0.03131304382402597,8.8
6,5,elastic_net,1.0,1.0,0.552513496502008,0.0543720459026555,9.4
6,5,elastic_net,1.0,0.8,0.553302967100316,0.05635220826012629,9.4
6,5,elastic_net,1.0,0.5,0.554839996031533,0.05947696808551396,9.4
6,5,elastic_net,1.0,0.2,0.5566050172354067,0.0628168559086505,10.0
6,5,elastic_net,2.0,1.0,0.5605249209061463,0.0641509051435156,9.4
6,5,elastic_net,2.0,0.8,0.5613730683752652,0.0653732639672171,9.6
6,5,elastic_net,2.0,0.5,0.5627061699298719,0.06724497473300531,9.6
6,5,elastic_net,2.0,0.2,0.5641291035254422,0.06914985953192608,9.6
6,5,elastic_net,0.2,0.8,0.564867081812317,0.02456919467692795,7.4
6,5,elastic_net,5.0,1.0,0.5688356502860072,0.0719902309210968,9.6
6,5,elastic_net,5.0,0.8,0.5692934341183897,0.07253874072195038,9.6
6,5,elastic_net,5.0,0.5,0.5699853872937648,0.0733636152127147,9.6
6,5,elastic_net,5.0,0.2,0.5707951926099942,0.07415184259631452,10.0
6,5,elastic_net,10.0,1.0,0.5725105494958354,0.07507937795122852,10.0
6,5,elastic_net,10.0,0.8,0.572793220860507,0.07534549418141578,10.0
6,5,elastic_net,0.05,0.2,0.5729921551167075,0.014467406092048309,7.6
6,5,elastic_net,10.0,0.5,0.5732211239536736,0.07574716773216147,10.0
6,5,elastic_net,10.0,0.2,0.5736497903791685,0.07614824499945742,10.0
6,5,elastic_net,0.2,1.0,0.5742095265135317,0.020298572528028025,7.2
6,5,elastic_net,0.1,0.5,0.5770939125962261,0.016090953366339516,7.4
6,5,elastic_net,0.05,1.0,0.6021110488352641,0.0072185805647187766,0.0
6,5,elastic_net,0.05,0.8,0.602176534416633,0.007276297895949656,0.0
6,5,elastic_net,0.1,0.8,0.6034308758693134,0.010423126900262137,4.8
6,5,elastic_net,0.01,0.2,0.6036677077479073,0.0071447138047297,0.0
6,5,elastic_net,0.02,0.2,0.6038192230693805,0.0068307984414701746,1.8
6,5,elastic_net,0.02,1.0,0.6043199573773256,0.00722886728201042,0.0
6,5,elastic_net,0.05,0.5,0.6057254253062523,0.0068044278663237775,1.8
6,5,elastic_net,0.02,0.8,0.6061518017866966,0.005880578552846555,0.0
6,5,elastic_net,0.01,1.0,0.6068144401670512,0.006665183848503349,0.0
6,5,elastic_net,0.02,0.5,0.6072098095199613,0.005685130604149346,0.0
6,5,elastic_net,0.1,1.0,0.6075343103242989,0.007149681401017894,1.8
6,5,elastic_net,0.01,0.5,0.6075915633023807,0.005794599029255749,0.0
6,5,elastic_net,0.005,0.2,0.6078575651102941,0.0055631892031689535,0.0
6,5,elastic_net,0.005,1.0,0.6099459354229602,0.007855042420406117,0.0
6,5,elastic_net,0.002,1.0,0.6121589564377958,0.006896112339198198,0.0
6,5,elastic_net,0.001,1.0,0.6121594139850888,0.006896609555275562,0.0
6,5,elastic_net,0.01,0.8,0.6144601869892281,0.007425632270165605,0.0
6,5,elastic_net,0.005,0.5,0.6150466503985482,0.007466095713675072,0.0
6,5,elastic_net,0.002,0.2,0.6172288278653016,0.007597649126906261,0.0
6,5,elastic_net,0.005,0.8,0.6210534291616099,0.00836288953868125,0.0
6,5,elastic_net,0.002,0.8,0.6254817151021133,0.006230511179647994,0.0
6,5,elastic_net,0.001,0.8,0.6265686182037171,0.006148911870889876,0.0
6,5,elastic_net,0.002,0.5,0.6271008113722674,0.0061070607137983235,0.0
6,5,elastic_net,0.001,0.5,0.6296752479586571,0.0059095731831301105,0.0
6,5,elastic_net,0.001,0.2,0.6325575785514512,0.005683613080989514,0.0
6,5,lasso,0.5,,0.5494209024723201,0.04108363640914492,8.8
6,5,lasso,1.0,,0.552513496502008,0.0543720459026555,9.4
6,5,lasso,2.0,,0.5605249209061463,0.0641509051435156,9.4
6,5,lasso,5.0,,0.5688356502860072,0.0719902309210968,9.6
6,5,lasso,10.0,,0.5725105494958354,0.07507937795122852,10.0
6,5,lasso,0.2,,0.5742095265135317,0.020298572528028025,7.2
6,5,lasso,0.05,,0.6021110488352641,0.0072185805647187766,0.0
6,5,lasso,0.02,,0.6043199573773256,0.00722886728201042,0.0
6,5,lasso,0.01,,0.6068144401670512,0.006665183848503349,0.0
6,5,lasso,0.1,,0.6075343103242989,0.007149681401017894,1.8
6,5,lasso,0.005,,0.6099459354229602,0.007855042420406117,0.0
6,5,lasso,0.002,,0.6121589564377958,0.006896112339198198,0.0
6,5,lasso,0.001,,0.6121594139850888,0.006896609555275562,0.0
7,1,ridge,0.05,,0.5810453396585558,0.010221172000607353,10.0
7,1,ridge,0.1,,0.5813986228779151,0.014151757900895961,10.0
7,1,ridge,0.02,,0.5844237068848406,0.00765556300546619,10.0
7,1,ridge,0.2,,0.584862161049182,0.019134836112342655,10.0
7,1,ridge,0.01,,0.5882389824144016,0.0069717109676488585,10.0
7,1,ridge,0.005,,0.5917230382656115,0.006658938431707832,10.0
7,1,ridge,0.5,,0.5928273769799407,0.02526299432024323,10.0
7,1,ridge,0.002,,0.5948421527365841,0.006457036429984791,10.0
7,1,ridge,0.001,,0.5961423015359266,0.0063854928674404775,10.0
7,1,ridge,1.0,,0.5992517035580484,0.02878520538821436,10.0
7,1,ridge,2.0,,0.6049770323598137,0.03142995954898067,10.0
7,1,ridge,5.0,,0.6106199001048329,0.03374680239269793,10.0
7,1,ridge,10.0,,0.6133262088755078,0.034819075882150996,10.0
7,1,elastic_net,0.2,0.2,0.588828046892598,0.017350181968593198,9.0
7,1,elastic_net,0.5,0.2,0.5922060227808122,0.025026185245400272,9.6
7,1,elastic_net,0.5,0.5,0.5944014384160188,0.02443669864870985,8.8
7,1,elastic_net,0.1,0.2,0.596924781975309,0.011335597749685187,8.4
7,1,elastic_net,0.05,0.5,0.5969553679187184,0.006013312060509652,1.2
7,1,elastic_net,0.02,0.2,0.5970769532285859,0.006109648611830156,1.2
7,1,elastic_net,0.1,1.0,0.5971553626866466,0.005928274795731617,1.2
7,1,elastic_net,1.0,0.5,0.5980920577425154,0.028999231397762205,9.6
7,1,elastic_net,0.05,0.2,0.5982355228173079,0.007700862692474999,6.2
7,1,elastic_net,0.05,1.0,0.5982541728699474,0.00592900223629264,0.0
7,1,elastic_net,1.0,0.8,0.5984350883687168,0.028944357018075885,9.2
7,1,elastic_net,0.05,0.8,0.5985490667367259,0.005722739815572808,0.0
7,1,elastic_net,1.0,0.2,0.5986596084981869,0.028908590839270262,9.6
7,1,elastic_net,1.0,1.0,0.5995748424558632,0.028710746331869028,9.0
7,1,elastic_net,0.1,0.8,0.6002878723915811,0.005471824207108437,2.2
7,1,elastic_net,0.01,0.2,0.6012917184979005,0.005773975892367546,0.0
7,1,elastic_net,0.5,0.8,0.6019313417539639,0.022770650000422478,8.6
7,1,elastic_net,0.1,0.5,0.6021436921393596,0.007879690504238772,5.4
7,1,elastic_net,2.0,1.0,0.603542808070102,0.031946315166879166,9.6
7,1,elastic_net,2.0,0.8,0.603729802531779,0.03185233421354894,9.6
7,1,elastic_net,2.0,0.5,0.6041369264310983,0.031706678182441224,9.8
7,1,elastic_net,2.0,0.2,0.6046209801633189,0.03154282684813194,10.0
7,1,elastic_net,0.2,0.5,0.6064403889580652,0.01395755381961369,8.0
7,1,elastic_net,0.5,1.0,0.6072716355822073,0.02039441095811732,8.2
7,1,elastic_net,0.02,0.5,0.6076708990875088,0.0071007947046379805,0.0
7,1,elastic_net,0.2,1.0,0.6078022846470913,0.009496585249530938,5.4
7,1,elastic_net,0.2,0.8,0.6094913537605676,0.011302992903467663,6.2
7,1,elastic_net,5.0,1.0,0.6102722228522077,0.03419730337246402,9.8
7,1,elastic_net,5.0,0.8,0.6102971106880022,0.03409616547785174,10.0
7,1,elastic_net,5.0,0.5,0.6103389804554084,0.033942456041004515,10.0
7,1,elastic_net,5.0,0.2,0.6104475532103721,0.03380906166690974,10.0
7,1,elastic_net,0.01,1.0,0.611466987876139,0.007113453375420237,0.0
7,1,elastic_net,0.02,1.0,0.6115157741823141,0.007101650853604143,0.0
7,1,elastic_net,10.0,0.8,0.613197939253432,0.03502823332077899,10.0
7,1,elastic_net,10.0,0.5,0.6132017596777136,0.034937485807842165,10.0
7,1,elastic_net,10.0,1.0,0.613206864293806,0.035092352836064974,10.0
7,1,elastic_net,10.0,0.2,0.613226577783441,0.03485361295094485,10.0
7,1,elastic_net,0.002,1.0,0.6139071698497615,0.005745905396834616,0.0
7,1,elastic_net,0.001,1.0,0.6139079952679671,0.00574615273619911,0.0
7,1,elastic_net,0.005,1.0,0.6139537404758539,0.00573705988953818,0.0
7,1,elastic_net,0.02,0.8,0.6163611455682083,0.008352464716816776,0.0
7,1,elastic_net,0.005,0.2,0.6203803090668899,0.008531294653081929,0.0
7,1,elastic_net,0.01,0.8,0.6241342110721839,0.007892333119193271,0.0
7,1,elastic_net,0.01,0.5,0.6244610907013662,0.007905524402949641,0.0
7,1,elastic_net,0.005,0.5,0.6249375142472273,0.0079244071289737,0.0
7,1,elastic_net,0.002,0.2,0.627859946514616,0.008017329559198975,0.0
7,1,elastic_net,0.005,0.8,0.6287274981714466,0.004945263072747029,0.0
7,1,elastic_net,0.002,0.8,0.6293876842647241,0.004903082397895502,0.0
7,1,elastic_net,0.001,0.8,0.6304956237515109,0.004832021530430521,0.0
7,1,elastic_net,0.002,0.5,0.6310659843363526,0.004792091962043497,0.0
7,1,elastic_net,0.001,0.5,0.633650373753199,0.004623910488363617,0.0
7,1,elastic_net,0.001,0.2,0.6365588516852185,0.004427774036859474,0.0
7,1,lasso,0.1,,0.5971553626866466,0.005928274795731617,1.2
7,1,lasso,0.05,,0.5982541728699474,0.00592900223629264,0.0
7,1,lasso,1.0,,0.5995748424558632,0.028710746331869028,9.0
7,1,lasso,2.0,,0.603542808070102,0.031946315166879166,9.6
7,1,lasso,0.5,,0.6072716355822073,0.02039441095811732,8.2
7,1,lasso,0.2,,0.6078022846470913,0.009496585249530938,5.4
7,1,lasso,5.0,,0.6102722228522077,0.03419730337246402,9.8
7,1,lasso,0.01,,0.611466987876139,0.007113453375420237,0.0
7,1,lasso,0.02,,0.6115157741823141,0.007101650853604143,0.0
7,1,lasso,10.0,,0.613206864293806,0.035092352836064974,10.0
7,1,lasso,0.002,,0.6139071698497615,0.005745905396834616,0.0
7,1,lasso,0.001,,0.6139079952679671,0.00574615273619911,0.0
7,1,lasso,0.005,,0.6139537404758539,0.00573705988953818,0.0
7,2,ridge,0.2,,0.517481876807948,0.009865574647333062,10.0
7,2,ridge,0.1,,0.5200521188512012,0.010257993584276804,10.0
7,2,ridge,0.5,,0.5234453160399667,0.00989980872151177,10.0
7,2,ridge,0.05,,0.5304008041713527,0.009932187825076225,10.0
7,2,ridge,1.0,,0.5308422320408932,0.011233036488170032,10.0
7,2,ridge,2.0,,0.5378169999908144,0.01326081197187655,10.0
7,2,ridge,5.0,,0.5446349480530124,0.015939774486531687,10.0
7,2,ridge,10.0,,0.5479115410440063,0.0175158832461767,10.0
7,2,ridge,0.02,,0.5515104188816858,0.008632248155498514,10.0
7,2,ridge,0.01,,0.567097722751857,0.007747976581183923,10.0
7,2,ridge,0.005,,0.5788973769212229,0.00718550019361128,10.0
7,2,ridge,0.002,,0.5882084318254979,0.0068311367376374865,10.0
7,2,ridge,0.001,,0.5918404378632709,0.006719403806983112,10.0
7,2,elastic_net,0.2,0.2,0.5244459006584792,0.009818860865111623,9.8
7,2,elastic_net,0.5,0.2,0.5249948904962409,0.00943527093807839,10.0
7,2,elastic_net,0.5,0.5,0.5278739719476816,0.00907285016771128,9.6
7,2,elastic_net,1.0,0.2,0.5309101982681466,0.010533245180608773,9.8
7,2,elastic_net,1.0,0.5,0.5315582693834846,0.00976216097215339,9.6
7,2,elastic_net,0.5,0.8,0.5317765596482045,0.009287083851570743,9.4
7,2,elastic_net,1.0,0.8,0.5322864414996611,0.009140275678917405,9.6
7,2,elastic_net,1.0,1.0,0.5329443293052958,0.008878584636260175,9.6
7,2,elastic_net,0.5,1.0,0.5351610375959577,0.009716718533299501,9.4
7,2,elastic_net,2.0,0.5,0.5373753367046036,0.011812968132642656,9.8
7,2,elastic_net,2.0,0.8,0.5374731572414249,0.011148078737795232,9.6
7,2,elastic_net,2.0,1.0,0.5374814111605726,0.010711135084399732,9.6
7,2,elastic_net,2.0,0.2,0.53751429417229,0.012627545249220162,10.0
7,2,elastic_net,0.1,0.2,0.5376357796473308,0.009709705805986363,9.4
7,2,elastic_net,0.2,0.5,0.5386915952448996,0.010102215194552847,9.2
7,2,elastic_net,5.0,1.0,0.5441746789235713,0.01450443510145865,10.0
7,2,elastic_net,5.0,0.8,0.5442333521562996,0.014787659958239543,10.0
7,2,elastic_net,5.0,0.5,0.5443423073014362,0.015212525119343803,10.0
7,2,elastic_net,5.0,0.2,0.5444663283688382,0.015631198242034284,10.0
7,2,elastic_net,10.0,1.0,0.5477004280798726,0.01681158141337668,10.0
7,2,elastic_net,10.0,0.8,0.5477113814817488,0.016936869315305126,10.0
7,2,elastic_net,10.0,0.5,0.5477328025607584,0.017127496027499484,10.0
7,2,elastic_net,10.0,0.2,0.5477599415814797,0.017315885813387492,10.0
7,2,elastic_net,0.2,0.8,0.5553528501438871,0.009175501716191636,8.2
7,2,elastic_net,0.05,0.2,0.5655810385181104,0.008132995507203485,8.2
7,2,elastic_net,0.2,1.0,0.5693414843551556,0.008634454101574197,6.8
7,2,elastic_net,0.1,0.5,0.5707270110422604,0.008430593282462621,7.0
7,2,elastic_net,0.1,0.8,0.5901511008207195,0.009696474756916084,4.2
7,2,elastic_net,0.02,0.2,0.5953176050572657,0.00667002804999125,2.4
7,2,elastic_net,0.05,0.5,0.595322294384523,0.006909065015934062,2.4
7,2,elastic_net,0.1,1.0,0.5956537166712521,0.0073447807152752925,2.4
7,2,elastic_net,0.05,0.8,0.5960592113267216,0.006298756867983588,0.0
7,2,elastic_net,0.05,1.0,0.5965776147617114,0.006287410236736014,0.0
7,2,elastic_net,0.01,0.2,0.599255100998856,0.005290024647878836,0.0
7,2,elastic_net,0.02,0.5,0.6011917757436497,0.0049260760358515385,0.0
7,2,elastic_net,0.02,0.8,0.6073144341507609,0.005738125702876612,0.0
7,2,elastic_net,0.02,1.0,0.60757813402608,0.006199601208799878,0.0
7,2,elastic_net,0.005,0.2,0.6100075701500657,0.005766293835845789,0.0
7,2,elastic_net,0.01,0.5,0.616363271067638,0.00703376847633776,0.0
7,2,elastic_net,0.01,1.0,0.6176080916769284,0.002180328383449374,0.0
7,2,elastic_net,0.001,1.0,0.617612878749887,0.0022039742205231267,0.0
7,2,elastic_net,0.002,1.0,0.6176138276469378,0.0022031784996123546,0.0
7,2,elastic_net,0.005,1.0,0.6176167494568758,0.0021892738825015786,0.0
7,2,elastic_net,0.01,0.8,0.6229012585381246,0.0064435444948941,0.0
7,2,elastic_net,0.005,0.8,0.6313004437962447,0.0017438072692042095,0.0
7,2,elastic_net,0.005,0.5,0.6319678196617236,0.0017469310130801238,0.0
7,2,elastic_net,0.002,0.8,0.63197434294087,0.0017621147419080044,0.0
7,2,elastic_net,0.001,0.8,0.6330716872717188,0.0017728250340921718,0.0
7,2,elastic_net,0.002,0.5,0.6336106546849445,0.0017717150781055813,0.0
7,2,elastic_net,0.002,0.2,0.6351636645752812,0.0017727646348179966,0.0
7,2,elastic_net,0.001,0.5,0.6361745787561346,0.0017940972060708428,0.0
7,2,elastic_net,0.001,0.2,0.6390118222952936,0.0017966582036000839,0.0
7,2,lasso,1.0,,0.5329443293052958,0.008878584636260175,9.6
7,2,lasso,0.5,,0.5351610375959577,0.009716718533299501,9.4
7,2,lasso,2.0,,0.5374814111605726,0.010711135084399732,9.6
7,2,lasso,5.0,,0.5441746789235713,0.01450443510145865,10.0
7,2,lasso,10.0,,0.5477004280798726,0.01681158141337668,10.0
7,2,lasso,0.2,,0.5693414843551556,0.008634454101574197,6.8
7,2,lasso,0.1,,0.5956537166712521,0.0073447807152752925,2.4
7,2,lasso,0.05,,0.5965776147617114,0.006287410236736014,0.0
7,2,lasso,0.02,,0.60757813402608,0.006199601208799878,0.0
7,2,lasso,0.01,,0.6176080916769284,0.002180328383449374,0.0
7,2,lasso,0.001,,0.617612878749887,0.0022039742205231267,0.0
7,2,lasso,0.002,,0.6176138276469378,0.0022031784996123546,0.0
7,2,lasso,0.005,,0.6176167494568758,0.0021892738825015786,0.0
7,3,ridge,0.1,,0.5480021166372577,0.024123194063395144,10.0
7,3,ridge,0.2,,0.549343732967498,0.03228845385043171,10.0
7,3,ridge,0.05,,0.5536032469007024,0.01724726765564515,10.0
7,3,ridge,0.5,,0.5605898490288346,0.04571908001178971,10.0
7,3,ridge,0.02,,0.5682562030142609,0.010234255279740943,10.0
7,3,ridge,1.0,,0.5734442660122075,0.05777251998516742,10.0
7,3,ridge,0.01,,0.5798939713293731,0.007285786680592908,10.0
7,3,ridge,2.0,,0.5870218299850716,0.07017825612333575,10.0
7,3,ridge,0.005,,0.5889602874739494,0.006520928713243621,10.0
7,3,ridge,0.002,,0.5962327286806227,0.0068915367080535075,10.0
7,3,ridge,0.001,,0.5990946348127854,0.007218059526401102,10.0
7,3,ridge,5.0,,0.6022669710938406,0.08414477805624,10.0
7,3,ridge,10.0,,0.6101634385590632,0.09157837592590655,10.0
7,3,elastic_net,0.2,0.2,0.5474696703975871,0.02908160595697053,8.8
7,3,elastic_net,0.5,0.8,0.550085034542874,0.035033238825502314,8.4
7,3,elastic_net,0.5,1.0,0.5509980987166907,0.03200795265012493,8.4
7,3,elastic_net,0.5,0.5,0.551459181313144,0.03937239079057735,9.2
7,3,elastic_net,0.2,0.5,0.5551028369761271,0.02286048522653268,8.2
7,3,elastic_net,0.5,0.2,0.556020532444643,0.04356741072257598,9.4
7,3,elastic_net,0.1,0.2,0.5565575151852832,0.0195699416934334,8.4
7,3,elastic_net,1.0,1.0,0.5622325823627772,0.051634352623431835,9.2
7,3,elastic_net,1.0,0.8,0.5641308725671967,0.05329446950931962,9.2
7,3,elastic_net,1.0,0.5,0.5669087127432668,0.05541977803477207,9.2
7,3,elastic_net,0.2,0.8,0.5670179090765753,0.017957860776604023,7.2
7,3,elastic_net,1.0,0.2,0.5703095945995728,0.057054088260685545,9.8
7,3,elastic_net,0.2,1.0,0.576182554825707,0.014595612034497394,6.4
7,3,elastic_net,0.05,0.2,0.5784457950456682,0.010961594848623687,7.2
7,3,elastic_net,0.1,0.5,0.5806065870842496,0.011923836254606066,6.6
7,3,elastic_net,2.0,1.0,0.5832715210080883,0.07144244526396043,9.2
7,3,elastic_net,2.0,0.8,0.583299332403461,0.07111239992962948,9.2
7,3,elastic_net,2.0,0.5,0.584168790629201,0.07066157015120544,9.8
7,3,elastic_net,2.0,0.2,0.5857035518260394,0.07026354739098621,10.0
7,3,elastic_net,5.0,0.2,0.6019285779136888,0.08452201085566191,10.0
7,3,elastic_net,0.05,0.8,0.6019483740208167,0.007257614894751168,0.0
7,3,elastic_net,0.02,0.2,0.6020457344954461,0.007521595111409109,2.6
7,3,elastic_net,5.0,0.5,0.60212520832051,0.08560693964301479,10.0
7,3,elastic_net,0.05,1.0,0.6021460867570861,0.007255045635251387,0.0
7,3,elastic_net,0.05,0.5,0.6022239601323782,0.007905385131434553,2.6
7,3,elastic_net,0.1,1.0,0.6025220475082811,0.008608160766705007,2.6
7,3,elastic_net,5.0,0.8,0.6025482459695459,0.08687934713204706,10.0
7,3,elastic_net,0.1,0.8,0.6026726821017253,0.009173509518875769,4.0
7,3,elastic_net,0.02,1.0,0.6028641855734433,0.006836334591219692,0.0
7,3,elastic_net,5.0,1.0,0.6029862070832671,0.08786306976343157,10.0
7,3,elastic_net,0.01,0.2,0.6040664191432583,0.006828291239408206,0.0
7,3,elastic_net,0.02,0.5,0.60438637197466,0.0066753347472457,0.0
7,3,elastic_net,0.02,0.8,0.6051439531900867,0.006234062774212694,0.0
7,3,elastic_net,0.01,0.5,0.6063754479682009,0.00590791598898041,0.0
7,3,elastic_net,0.005,0.2,0.6063998583253938,0.006058171670502602,0.0
7,3,elastic_net,10.0,0.2,0.6099527635132899,0.09173930866122289,10.0
7,3,elastic_net,10.0,0.5,0.610386097078709,0.09263161009092191,10.0
7,3,elastic_net,10.0,0.8,0.6109283321072778,0.0936245635105973,10.0
7,3,elastic_net,10.0,1.0,0.6113456371097691,0.09433723827598632,10.0
7,3,elastic_net,0.005,1.0,0.6118680274052215,0.007461977655291397,0.0
7,3,elastic_net,0.01,1.0,0.6118768140258275,0.007452727234673465,0.0
7,3,elastic_net,0.001,1.0,0.6155511050814793,0.005684882849395669,0.0
7,3,elastic_net,0.002,1.0,0.6155516557220747,0.005684852667481977,0.0
7,3,elastic_net,0.01,0.8,0.6223034570821989,0.0077481773392432595,0.0
7,3,elastic_net,0.005,0.8,0.6224984877078847,0.0077540347910476535,0.0
7,3,elastic_net,0.005,0.5,0.6231410967005092,0.007759495307670116,0.0
7,3,elastic_net,0.002,0.5,0.6246986061597426,0.0077803518007687165,0.0
7,3,elastic_net,0.002,0.2,0.626214969000361,0.0077900050858221844,0.0
7,3,elastic_net,0.002,0.8,0.6288590572633485,0.004710481523767501,0.0
7,3,elastic_net,0.001,0.2,0.6299916838921655,0.007801190373925667,0.0
7,3,elastic_net,0.001,0.8,0.6300177404549027,0.004611192020088437,0.0
7,3,elastic_net,0.001,0.5,0.6333038360679877,0.0043343607795330915,0.0
7,3,lasso,0.5,,0.5509980987166907,0.03200795265012493,8.4
7,3,lasso,1.0,,0.5622325823627772,0.051634352623431835,9.2
7,3,lasso,0.2,,0.576182554825707,0.014595612034497394,6.4
7,3,lasso,2.0,,0.5832715210080883,0.07144244526396043,9.2
7,3,lasso,0.05,,0.6021460867570861,0.007255045635251387,0.0
7,3,lasso,0.1,,0.6025220475082811,0.008608160766705007,2.6
7,3,lasso,0.02,,0.6028641855734433,0.006836334591219692,0.0
7,3,lasso,5.0,,0.6029862070832671,0.08786306976343157,10.0
7,3,lasso,10.0,,0.6113456371097691,0.09433723827598632,10.0
7,3,lasso,0.005,,0.6118680274052215,0.007461977655291397,0.0
7,3,lasso,0.01,,0.6118768140258275,0.007452727234673465,0.0
7,3,lasso,0.001,,0.6155511050814793,0.005684882849395669,0.0
7,3,lasso,0.002,,0.6155516557220747,0.005684852667481977,0.0
7,4,ridge,0.1,,0.5797387913566583,0.021327738781966463,10.0
7,4,ridge,0.05,,0.5801655559009825,0.016693897232486127,10.0
7,4,ridge,0.2,,0.5836426374116847,0.02743559795241121,10.0
7,4,ridge,0.02,,0.585667135949797,0.012555866455338325,10.0
7,4,ridge,0.01,,0.5909339863525931,0.01049165369517494,10.0
7,4,ridge,0.5,,0.5931061715647725,0.036549621257038575,10.0
7,4,ridge,0.005,,0.5953530667073993,0.00919021050696051,10.0
7,4,ridge,0.002,,0.5990759902586587,0.00829430538192608,10.0
7,4,ridge,0.001,,0.6005722268845982,0.007979287203646634,10.0
7,4,ridge,1.0,,0.6007190295695506,0.04294289290800906,10.0
7,4,ridge,2.0,,0.6069295187577135,0.04807104705971082,10.0
7,4,ridge,5.0,,0.6122334139911875,0.05246127334293468,10.0
7,4,ridge,10.0,,0.6144179836595176,0.05429312970285151,10.0
7,4,elastic_net,0.2,0.2,0.5816396836679889,0.0209558037247286,8.0
7,4,elastic_net,0.1,0.2,0.5829116431098431,0.014542315720172084,7.8
7,4,elastic_net,0.2,0.5,0.5870245793827402,0.01660107782100609,7.6
7,4,elastic_net,0.5,0.5,0.5890051803913512,0.02777494789901648,8.4
7,4,elastic_net,0.5,0.8,0.5892560196279816,0.025083920711878094,7.6
7,4,elastic_net,0.5,1.0,0.590098559128121,0.02344211056061649,7.6
7,4,elastic_net,0.5,0.2,0.5905024577014114,0.032289675951372915,9.4
7,4,elastic_net,0.05,0.2,0.5932417753579553,0.010586320877914682,5.8
7,4,elastic_net,1.0,1.0,0.5949511621756314,0.03276602282220996,8.6
7,4,elastic_net,1.0,0.8,0.5958221967242874,0.03460952444043082,9.0
7,4,elastic_net,0.2,0.8,0.5960340160002124,0.013827640981070729,5.8
7,4,elastic_net,0.1,0.5,0.5961153430132352,0.011289837354232194,4.8
7,4,elastic_net,1.0,0.5,0.5973550765866864,0.03774786674639292,9.2
7,4,elastic_net,0.2,1.0,0.5974907352659705,0.01244110520994615,4.8
7,4,elastic_net,1.0,0.2,0.5994356108863842,0.04101594564449745,9.4
7,4,elastic_net,0.1,0.8,0.6016899303644455,0.009299929390091636,2.0
7,4,elastic_net,0.05,0.5,0.6021498899998502,0.007831445865195307,0.8
7,4,elastic_net,0.02,0.2,0.6021599900106168,0.007577887620210144,0.8
7,4,elastic_net,0.1,1.0,0.6023584927763296,0.008085908075340943,0.8
7,4,elastic_net,0.05,1.0,0.6029666775092566,0.006933515459309304,0.0
7,4,elastic_net,0.05,0.8,0.6032053083336206,0.00678474793461518,0.0
7,4,elastic_net,2.0,1.0,0.603303365258743,0.04282300513271554,9.2
7,4,elastic_net,2.0,0.8,0.6041629651980862,0.044108866486031004,9.2
7,4,elastic_net,0.01,0.2,0.6054832810255999,0.005950756010370771,0.0
7,4,elastic_net,2.0,0.5,0.6055704895056591,0.04600646378408081,9.4
7,4,elastic_net,0.02,0.5,0.6058511620383674,0.005853200045523995,0.0
7,4,elastic_net,2.0,0.2,0.6066055958474516,0.04746601245678741,10.0
7,4,elastic_net,0.02,0.8,0.6098322098211384,0.006271117230951313,0.0
7,4,elastic_net,5.0,1.0,0.6113931854827472,0.05115735164020313,10.0
7,4,elastic_net,5.0,0.8,0.6115596113032936,0.05142835455009119,10.0
7,4,elastic_net,5.0,0.5,0.6118145974739623,0.05182566728491371,10.0
7,4,elastic_net,5.0,0.2,0.6120724518095605,0.05220850562847846,10.0
7,4,elastic_net,0.02,1.0,0.6122227492656266,0.005743702397192934,0.0
7,4,elastic_net,0.005,0.2,0.6126415141768653,0.006603847109524717,0.0
7,4,elastic_net,10.0,1.0,0.6139844681574187,0.05366026386425194,10.0
7,4,elastic_net,10.0,0.8,0.6140760985108699,0.053791620037098996,10.0
7,4,elastic_net,10.0,0.5,0.6142108984471099,0.053982517505063075,10.0
7,4,elastic_net,10.0,0.2,0.6143488190557423,0.054172592633059735,10.0
7,4,elastic_net,0.01,1.0,0.6181534522628891,0.003020088833405322,0.0
7,4,elastic_net,0.005,1.0,0.6181652169879537,0.0030047950235891096,0.0
7,4,elastic_net,0.002,1.0,0.618172073971686,0.0029993082023262074,0.0
7,4,elastic_net,0.001,1.0,0.6181720965362457,0.002999320601881463,0.0
7,4,elastic_net,0.01,0.5,0.6215856710008488,0.007418796840533032,0.0
7,4,elastic_net,0.01,0.8,0.6309887181256124,0.002045666568702109,0.0
7,4,elastic_net,0.005,0.8,0.6311872185262178,0.0020257101273606407,0.0
7,4,elastic_net,0.005,0.5,0.6317430980725101,0.0020160748342866195,0.0
7,4,elastic_net,0.002,0.8,0.6317551480789666,0.002000565343022026,0.0
7,4,elastic_net,0.001,0.8,0.6326748790694219,0.0019713235024001515,0.0
7,4,elastic_net,0.002,0.5,0.6331231800764618,0.0019589701336793037,0.0
7,4,elastic_net,0.002,0.2,0.6344372702057849,0.0019314003500670663,0.0
7,4,elastic_net,0.001,0.5,0.6353044562428893,0.00189217303677711,0.0
7,4,elastic_net,0.001,0.2,0.6377471484807614,0.0018253768294288451,0.0
7,4,lasso,0.5,,0.590098559128121,0.02344211056061649,7.6
7,4,lasso,1.0,,0.5949511621756314,0.03276602282220996,8.6
7,4,lasso,0.2,,0.5974907352659705,0.01244110520994615,4.8
7,4,lasso,0.1,,0.6023584927763296,0.008085908075340943,0.8
7,4,lasso,0.05,,0.6029666775092566,0.006933515459309304,0.0
7,4,lasso,2.0,,0.603303365258743,0.04282300513271554,9.2
7,4,lasso,5.0,,0.6113931854827472,0.05115735164020313,10.0
7,4,lasso,0.02,,0.6122227492656266,0.005743702397192934,0.0
7,4,lasso,10.0,,0.6139844681574187,0.05366026386425194,10.0
7,4,lasso,0.01,,0.6181534522628891,0.003020088833405322,0.0
7,4,lasso,0.005,,0.6181652169879537,0.0030047950235891096,0.0
7,4,lasso,0.002,,0.618172073971686,0.0029993082023262074,0.0
7,4,lasso,0.001,,0.6181720965362457,0.002999320601881463,0.0
7,5,ridge,0.2,,0.5176345738834642,0.009911855034060524,10.0
7,5,ridge,0.5,,0.5186635355206519,0.01378537105523122,10.0
7,5,ridge,0.1,,0.5244805419863027,0.007313566443451409,10.0
7,5,ridge,1.0,,0.5247157507710766,0.01734731240702171,10.0
7,5,ridge,2.0,,0.5323888716616713,0.021135804155673173,10.0
7,5,ridge,0.05,,0.5378737960316364,0.004676048406012622,10.0
7,5,ridge,5.0,,0.5410795885932276,0.025339461668415584,10.0
7,5,ridge,10.0,,0.5453260829954805,0.027423497942807976,10.0
7,5,ridge,0.02,,0.5604120958229647,0.0024382844018776954,10.0
7,5,ridge,0.01,,0.5757948822514299,0.0036435690240320777,10.0
7,5,ridge,0.005,,0.5869796686010847,0.005237874156842192,10.0
7,5,ridge,0.002,,0.5955034064631535,0.0065715758584553325,10.0
7,5,ridge,0.001,,0.5987482388833205,0.007092516043328166,10.0
7,5,elastic_net,0.5,0.2,0.5197659425158891,0.012516425081223574,9.6
7,5,elastic_net,0.5,0.5,0.5224371959217324,0.010843142410046098,9.4
7,5,elastic_net,1.0,0.5,0.524512096473031,0.015363397909998572,9.2
7,5,elastic_net,1.0,0.2,0.5246327442144365,0.016556618339080852,9.8
7,5,elastic_net,1.0,0.8,0.5249147367074439,0.014288776515544352,9.2
7,5,elastic_net,0.2,0.2,0.5249952927226023,0.007980991790934231,9.6
7,5,elastic_net,1.0,1.0,0.5256309353731297,0.013639476769263774,9.0
7,5,elastic_net,0.5,0.8,0.5269304540930415,0.009595305449663671,9.0
7,5,elastic_net,0.5,1.0,0.5308359068561528,0.009148483085797155,9.0
7,5,elastic_net,2.0,1.0,0.531680000375413,0.01934487280838928,9.4
7,5,elastic_net,2.0,0.8,0.5318038559649882,0.019667943334651806,9.6
7,5,elastic_net,2.0,0.5,0.5320765484432541,0.02018764734400007,9.6
7,5,elastic_net,2.0,0.2,0.5322591635032718,0.020732433454827434,10.0
7,5,elastic_net,5.0,0.2,0.5410113481398643,0.025203255303516633,10.0
7,5,elastic_net,5.0,0.5,0.5412391025551133,0.02511595578155558,10.0
7,5,elastic_net,5.0,0.8,0.541388432080617,0.025038675585386586,9.8
7,5,elastic_net,5.0,1.0,0.5414879087939717,0.025000380077660672,9.8
7,5,elastic_net,0.2,0.5,0.5415766058072154,0.007095052241314747,9.2
7,5,elastic_net,0.1,0.2,0.5440239146228427,0.004818917105754885,9.6
7,5,elastic_net,10.0,0.2,0.5452227665220654,0.027350315978102103,10.0
7,5,elastic_net,10.0,0.5,0.5454335930588547,0.027358377211221026,10.0
7,5,elastic_net,10.0,0.8,0.5456567418815604,0.027373444368196432,10.0
7,5,elastic_net,10.0,1.0,0.5457978939567554,0.027388742902470974,9.8
7,5,elastic_net,0.2,0.8,0.5595715079571726,0.00674923238426094,7.4
7,5,elastic_net,0.2,1.0,0.5699960518780619,0.00548097889212914,6.2
7,5,elastic_net,0.05,0.2,0.5727582823939785,0.0018592270425505447,7.8
7,5,elastic_net,0.1,0.5,0.5746762730807575,0.003524582263450888,6.6
7,5,elastic_net,0.1,0.8,0.5997536869104703,0.009339374935723777,3.6
7,5,elastic_net,0.05,0.8,0.6023466941234876,0.007134021018854407,0.0
7,5,elastic_net,0.05,1.0,0.6027565233273107,0.007171203489837624,0.0
7,5,elastic_net,0.02,0.2,0.6030806804238191,0.008191827098604179,2.2
7,5,elastic_net,0.05,0.5,0.6037735837911293,0.008799511063831197,2.2
7,5,elastic_net,0.1,1.0,0.6043514313344128,0.009433414216222458,2.2
7,5,elastic_net,0.01,0.2,0.6043758811014595,0.006196273633200394,0.0
7,5,elastic_net,0.02,0.5,0.6051893767962511,0.0060113047517581465,0.0
7,5,elastic_net,0.02,0.8,0.6058381470639239,0.005630109513722886,0.0
7,5,elastic_net,0.02,1.0,0.6068656922298619,0.006156757852861445,0.0
7,5,elastic_net,0.005,0.2,0.6070668383712691,0.005278135824246765,0.0
7,5,elastic_net,0.01,0.5,0.6120889287487197,0.006215749787255371,0.0
7,5,elastic_net,0.005,1.0,0.6156371289380018,0.0029347798982822747,0.0
7,5,elastic_net,0.01,1.0,0.6156373611339926,0.0029392403989720838,0.0
7,5,elastic_net,0.001,1.0,0.6156388404913737,0.0029333624990810943,0.0
7,5,elastic_net,0.002,1.0,0.6156390538365246,0.002933348789004926,0.0
7,5,elastic_net,0.01,0.8,0.6207307673806357,0.0057609701821417295,0.0
7,5,elastic_net,0.005,0.8,0.6274444347348893,0.0019938215459985166,0.0
7,5,elastic_net,0.005,0.5,0.6281050692236861,0.001992123475000828,0.0
7,5,elastic_net,0.002,0.8,0.6281077316722256,0.0019882574102316293,0.0
7,5,elastic_net,0.001,0.8,0.6291863607253971,0.0019878953176591025,0.0
7,5,elastic_net,0.002,0.5,0.6297150933572355,0.0019900742412591885,0.0
7,5,elastic_net,0.002,0.2,0.631260337161173,0.0020044869861388995,0.0
7,5,elastic_net,0.001,0.5,0.6322638050284952,0.0020121319570231737,0.0
7,5,elastic_net,0.001,0.2,0.6351056840504552,0.0020524235327927212,0.0
7,5,lasso,1.0,,0.5256309353731297,0.013639476769263774,9.0
7,5,lasso,0.5,,0.5308359068561528,0.009148483085797155,9.0
7,5,lasso,2.0,,0.531680000375413,0.01934487280838928,9.4
7,5,lasso,5.0,,0.5414879087939717,0.025000380077660672,9.8
7,5,lasso,10.0,,0.5457978939567554,0.027388742902470974,9.8
7,5,lasso,0.2,,0.5699960518780619,0.00548097889212914,6.2
7,5,lasso,0.05,,0.6027565233273107,0.007171203489837624,0.0
7,5,lasso,0.1,,0.6043514313344128,0.009433414216222458,2.2
7,5,lasso,0.02,,0.6068656922298619,0.006156757852861445,0.0
7,5,lasso,0.005,,0.6156371289380018,0.0029347798982822747,0.0
7,5,lasso,0.01,,0.6156373611339926,0.0029392403989720838,0.0
7,5,lasso,0.001,,0.6156388404913737,0.0029333624990810943,0.0
7,5,lasso,0.002,,0.6156390538365246,0.002933348789004926,0.0
8,1,ridge,0.2,,0.5526748797276315,0.03702369880091881,10.0
8,1,ridge,0.1,,0.5535392347990282,0.029448928135335964,10.0
8,1,ridge,0.5,,0.5586779981990462,0.046758785310136865,10.0
8,1,ridge,0.05,,0.5594284322956121,0.022534525363298044,10.0
8,1,ridge,1.0,,0.5665360059060092,0.053569726850810045,10.0
8,1,ridge,0.02,,0.5717593569221089,0.015439959509290975,10.0
8,1,ridge,2.0,,0.5754747218833558,0.06008243299181809,10.0
8,1,ridge,0.01,,0.5809193640861846,0.011759860708054322,10.0
8,1,ridge,5.0,,0.5862972412773566,0.06772601774225093,10.0
8,1,ridge,0.005,,0.5878437010740548,0.009352322869966902,10.0
8,1,ridge,10.0,,0.5922478380117411,0.07204140910803322,10.0
8,1,ridge,0.002,,0.5932638190442112,0.0076190377481848955,10.0
8,1,ridge,0.001,,0.5953532133537742,0.006980759598584212,10.0
8,1,elastic_net,0.2,0.2,0.5556302119644535,0.034075837864801777,9.4
8,1,elastic_net,0.5,0.2,0.5592160536490636,0.04523560229456555,9.8
8,1,elastic_net,0.5,0.5,0.5607553331587675,0.04270201764388079,9.4
8,1,elastic_net,0.5,0.8,0.5629658568777681,0.03988199879749921,9.0
8,1,elastic_net,0.1,0.2,0.5631230418569353,0.024970396772737675,8.4
8,1,elastic_net,0.2,0.5,0.5641362584316771,0.028927768367110085,7.8
8,1,elastic_net,0.5,1.0,0.5646537332793335,0.03787887709494527,8.6
8,1,elastic_net,1.0,0.2,0.566682736129074,0.05258980771388535,9.8
8,1,elastic_net,1.0,0.5,0.5672086119018334,0.051350654951432866,9.6
8,1,elastic_net,1.0,0.8,0.56760979074293,0.04991321043002013,9.6
8,1,elastic_net,1.0,1.0,0.5678883583421361,0.048872447785278446,9.4
8,1,elastic_net,0.2,0.8,0.5751523600732211,0.02221666906614159,7.2
8,1,elastic_net,2.0,0.2,0.5759931079981376,0.05966263592811208,9.8
8,1,elastic_net,2.0,0.5,0.576792803407117,0.0594779868033563,9.8
8,1,elastic_net,2.0,0.8,0.5779053288744468,0.05944953566691299,9.6
8,1,elastic_net,2.0,1.0,0.5787444816601968,0.05951094137925322,9.6
8,1,elastic_net,0.05,0.2,0.5806482190469481,0.014414621405972876,7.4
8,1,elastic_net,0.2,1.0,0.583338062700105,0.019300641781428294,6.2
8,1,elastic_net,0.1,0.5,0.5839719512267008,0.015627749840622717,6.2
8,1,elastic_net,5.0,0.2,0.5867894940840166,0.06777102853181155,10.0
8,1,elastic_net,5.0,0.5,0.5880602437104498,0.06816267369029642,10.0
8,1,elastic_net,5.0,0.8,0.5894097864231087,0.06885403077564127,9.8
8,1,elastic_net,5.0,1.0,0.5904856944111764,0.06945482454889179,9.8
8,1,elastic_net,10.0,0.2,0.5924947938187848,0.07209539954952963,10.0
8,1,elastic_net,10.0,0.5,0.5934446146324553,0.07255376364672853,10.0
8,1,elastic_net,10.0,0.8,0.5945156463032092,0.07309618840821502,10.0
8,1,elastic_net,10.0,1.0,0.5953075270043595,0.07351910169185454,10.0
8,1,elastic_net,0.05,1.0,0.598269888461776,0.005575547924415506,0.0
8,1,elastic_net,0.02,0.2,0.5984022600022003,0.007836005245443547,1.2
8,1,elastic_net,0.05,0.8,0.5984185513698242,0.00572173474303806,0.0
8,1,elastic_net,0.1,0.8,0.5991544274310996,0.011670542679260248,2.2
8,1,elastic_net,0.05,0.5,0.5994900590023872,0.00932950997199199,1.2
8,1,elastic_net,0.1,1.0,0.6008818996425168,0.010868824956636795,1.2
8,1,elastic_net,0.01,0.2,0.6009808181861289,0.004877803607478353,0.0
8,1,elastic_net,0.02,1.0,0.6067238775670807,0.0073244005753255815,0.0
8,1,elastic_net,0.02,0.5,0.6071354823039401,0.006494704629424054,0.0
8,1,elastic_net,0.02,0.8,0.6133866024156897,0.008447663994284512,0.0
8,1,elastic_net,0.01,0.5,0.6154905886684736,0.008613677696768761,0.0
8,1,elastic_net,0.005,0.2,0.6163841958832545,0.00872444625179552,0.0
8,1,elastic_net,0.01,1.0,0.6178544782925032,0.005899668036826108,0.0
8,1,elastic_net,0.005,1.0,0.6201627951334037,0.004355629351756763,0.0
8,1,elastic_net,0.002,1.0,0.6201745869046735,0.00435463584869456,0.0
8,1,elastic_net,0.001,1.0,0.6201750255031893,0.004354815986406287,0.0
8,1,elastic_net,0.01,0.8,0.6287623569366784,0.0076901602582973285,0.0
8,1,elastic_net,0.005,0.5,0.6301708953817056,0.0071952230339017865,0.0
8,1,elastic_net,0.002,0.2,0.6329971134971843,0.007374186933740259,0.0
8,1,elastic_net,0.005,0.8,0.6335944504227808,0.0039989228299218355,0.0
8,1,elastic_net,0.002,0.8,0.6342666560876604,0.003965053594318359,0.0
8,1,elastic_net,0.001,0.8,0.6353504744551417,0.003908067694611819,0.0
8,1,elastic_net,0.002,0.5,0.6358727776073251,0.003880759050548459,0.0
8,1,elastic_net,0.001,0.5,0.6383950075983142,0.0037424654645469933,0.0
8,1,elastic_net,0.001,0.2,0.6411590576810025,0.003587050941173112,0.0
8,1,lasso,0.5,,0.5646537332793335,0.03787887709494527,8.6
8,1,lasso,1.0,,0.5678883583421361,0.048872447785278446,9.4
8,1,lasso,2.0,,0.5787444816601968,0.05951094137925322,9.6
8,1,lasso,0.2,,0.583338062700105,0.019300641781428294,6.2
8,1,lasso,5.0,,0.5904856944111764,0.06945482454889179,9.8
8,1,lasso,10.0,,0.5953075270043595,0.07351910169185454,10.0
8,1,lasso,0.05,,0.598269888461776,0.005575547924415506,0.0
8,1,lasso,0.1,,0.6008818996425168,0.010868824956636795,1.2
8,1,lasso,0.02,,0.6067238775670807,0.0073244005753255815,0.0
8,1,lasso,0.01,,0.6178544782925032,0.005899668036826108,0.0
8,1,lasso,0.005,,0.6201627951334037,0.004355629351756763,0.0
8,1,lasso,0.002,,0.6201745869046735,0.00435463584869456,0.0
8,1,lasso,0.001,,0.6201750255031893,0.004354815986406287,0.0
8,2,ridge,0.1,,0.5337321718376615,0.03321871900643478,10.0
8,2,ridge,0.2,,0.5347411936562576,0.041756077381246204,10.0
8,2,ridge,0.05,,0.5409203700405817,0.025059455893678945,10.0
8,2,ridge,0.5,,0.5457444063940802,0.05227607432434019,10.0
8,2,ridge,1.0,,0.5562676121964,0.058790327599058896,10.0
8,2,ridge,0.02,,0.5585493608400556,0.01623927008458957,10.0
8,2,ridge,2.0,,0.5650944582638434,0.06349505484640394,10.0
8,2,ridge,0.01,,0.5720054154765768,0.011785181921846799,10.0
8,2,ridge,5.0,,0.5725378929213141,0.06712398810666846,10.0
8,2,ridge,10.0,,0.5755434184789505,0.06850471760660776,10.0
8,2,ridge,0.005,,0.5820471412213706,0.009183760445950987,10.0
8,2,ridge,0.002,,0.5897413623837627,0.007590224739116713,10.0
8,2,ridge,0.001,,0.5926669640603426,0.007087402117418796,10.0
8,2,elastic_net,0.2,0.2,0.5377174606349011,0.039858443673081265,9.4
8,2,elastic_net,0.5,0.2,0.544550807169473,0.050674531296410974,9.4
8,2,elastic_net,0.5,0.5,0.5445879897890333,0.049456957341759485,9.4
8,2,elastic_net,0.1,0.2,0.5452344123166659,0.030350705963111933,9.0
8,2,elastic_net,0.5,0.8,0.545440205972765,0.04819149256551107,9.4
8,2,elastic_net,0.2,0.5,0.5456772456576193,0.03684663331133498,8.8
8,2,elastic_net,0.5,1.0,0.5465619987484318,0.04743449870596914,8.6
8,2,elastic_net,1.0,1.0,0.5525099361513743,0.05543346584096208,9.4
8,2,elastic_net,1.0,0.8,0.5527202210727131,0.055812480305867065,9.4
8,2,elastic_net,1.0,0.5,0.5531859295850683,0.05636318384359089,9.4
8,2,elastic_net,1.0,0.2,0.5541311726581217,0.05717363676696512,9.6
8,2,elastic_net,0.2,0.8,0.5559438932473524,0.03208251939907989,7.0
8,2,elastic_net,2.0,1.0,0.5607576518686812,0.06070829491747566,9.4
8,2,elastic_net,2.0,0.8,0.5610279782493628,0.06084675622405759,9.4
8,2,elastic_net,2.0,0.5,0.5618128767024068,0.061363223962562274,9.6
8,2,elastic_net,2.0,0.2,0.5637479026066028,0.06260936852213449,10.0
8,2,elastic_net,0.2,1.0,0.5650661925537953,0.029050154942800364,6.4
8,2,elastic_net,0.05,0.2,0.5681088808170232,0.01929692420938359,8.2
8,2,elastic_net,0.1,0.5,0.5684860793236017,0.023214630909239274,5.6
8,2,elastic_net,5.0,1.0,0.5696167471437033,0.06537028308650124,9.8
8,2,elastic_net,5.0,0.8,0.5701922696925952,0.06570895550533354,10.0
8,2,elastic_net,5.0,0.5,0.5710077245703827,0.06620066025226364,10.0
8,2,elastic_net,5.0,0.2,0.571829608523813,0.06669566466135231,10.0
8,2,elastic_net,10.0,1.0,0.5739684696372811,0.06760216454613917,10.0
8,2,elastic_net,10.0,0.8,0.5742475118141261,0.06776549669309823,10.0
8,2,elastic_net,10.0,0.5,0.5746651177241772,0.06800934997513312,10.0
8,2,elastic_net,10.0,0.2,0.5750814839152825,0.06825160241228749,10.0
8,2,elastic_net,0.1,0.8,0.5821809610243628,0.016040600073649713,2.8
8,2,elastic_net,0.1,1.0,0.5876315186183849,0.010112401306692869,1.6
8,2,elastic_net,0.05,0.5,0.5896001571497969,0.00903630686317803,1.6
8,2,elastic_net,0.02,0.2,0.5922974043088481,0.007925408100495225,1.8
8,2,elastic_net,0.05,1.0,0.5959203631266451,0.00655253225550926,0.0
8,2,elastic_net,0.05,0.8,0.5959393464312095,0.006542009482380507,0.2
8,2,elastic_net,0.02,0.5,0.5968041970192107,0.005708108609190485,0.0
8,2,elastic_net,0.01,0.2,0.5969548642730164,0.005709396087352076,0.0
8,2,elastic_net,0.02,1.0,0.5986043396141539,0.0063774796404986464,0.0
8,2,elastic_net,0.001,1.0,0.6015604412286173,0.005718050830721996,0.0
8,2,elastic_net,0.002,1.0,0.6015616850034377,0.0057182415763157276,0.0
8,2,elastic_net,0.005,1.0,0.6015769172590957,0.005717072366238128,0.0
8,2,elastic_net,0.01,1.0,0.6016474603280934,0.005698172409023002,0.0
8,2,elastic_net,0.02,0.8,0.6047085657970654,0.007293645959895791,0.0
8,2,elastic_net,0.01,0.5,0.6053729917195916,0.007487882455494301,0.0
8,2,elastic_net,0.005,0.2,0.6064279900090378,0.007572630750091559,0.0
8,2,elastic_net,0.01,0.8,0.6126567595857799,0.005480065721003968,0.0
8,2,elastic_net,0.005,0.8,0.6128735744481277,0.0054697161065199295,0.0
8,2,elastic_net,0.002,0.8,0.6136672931511504,0.005418437260019187,0.0
8,2,elastic_net,0.005,0.5,0.6137359767704559,0.00540524361687751,0.0
8,2,elastic_net,0.001,0.8,0.6150316635791192,0.005320557567392031,0.0
8,2,elastic_net,0.002,0.5,0.6157130872028256,0.00527107961632488,0.0
8,2,elastic_net,0.002,0.2,0.6177537262364466,0.005111876783712652,0.0
8,2,elastic_net,0.001,0.5,0.6189860820387071,0.005024668857656281,0.0
8,2,elastic_net,0.001,0.2,0.6226968748854469,0.004734485132528702,0.0
8,2,lasso,0.5,,0.5465619987484318,0.04743449870596914,8.6
8,2,lasso,1.0,,0.5525099361513743,0.05543346584096208,9.4
8,2,lasso,2.0,,0.5607576518686812,0.06070829491747566,9.4
8,2,lasso,0.2,,0.5650661925537953,0.029050154942800364,6.4
8,2,lasso,5.0,,0.5696167471437033,0.06537028308650124,9.8
8,2,lasso,10.0,,0.5739684696372811,0.06760216454613917,10.0
8,2,lasso,0.1,,0.5876315186183849,0.010112401306692869,1.6
8,2,lasso,0.05,,0.5959203631266451,0.00655253225550926,0.0
8,2,lasso,0.02,,0.5986043396141539,0.0063774796404986464,0.0
8,2,lasso,0.001,,0.6015604412286173,0.005718050830721996,0.0
8,2,lasso,0.002,,0.6015616850034377,0.0057182415763157276,0.0
8,2,lasso,0.005,,0.6015769172590957,0.005717072366238128,0.0
8,2,lasso,0.01,,0.6016474603280934,0.005698172409023002,0.0
8,3,ridge,0.2,,0.5526474462561953,0.02503048800160015,10.0
8,3,ridge,0.1,,0.5539769025320945,0.018524864875399106,10.0
8,3,ridge,0.5,,0.5570658786348707,0.033249462763471224,10.0
8,3,ridge,0.05,,0.5604472238076121,0.012325201428875318,10.0
8,3,ridge,1.0,,0.5622995214183109,0.03857462300655415,10.0
8,3,ridge,2.0,,0.567143948900483,0.042764531991818025,10.0
8,3,ridge,5.0,,0.5716296522904074,0.046367892966568146,10.0
8,3,ridge,10.0,,0.573610592737016,0.04789470543231472,10.0
8,3,ridge,0.02,,0.5739617861001401,0.006667466884411975,10.0
8,3,ridge,0.01,,0.5840213318150802,0.005662848077618862,10.0
8,3,ridge,0.005,,0.5915949903676669,0.006215566851187536,10.0
8,3,ridge,0.002,,0.5974983581581104,0.00698539114641499,10.0
8,3,ridge,0.001,,0.5997723405114056,0.007306908621808497,10.0
8,3,elastic_net,0.5,0.2,0.5574795436616047,0.03166537780272191,10.0
8,3,elastic_net,0.2,0.2,0.5584728221440105,0.021805107418147042,9.4
8,3,elastic_net,0.5,0.5,0.5598627230324336,0.029306279120634438,9.4
8,3,elastic_net,1.0,0.5,0.5616753012238315,0.03641322717897073,10.0
8,3,elastic_net,1.0,0.2,0.561889567971573,0.03774402181932373,10.0
8,3,elastic_net,1.0,0.8,0.5621920707595607,0.03507739078503281,9.6
8,3,elastic_net,1.0,1.0,0.5628551631130762,0.03421486530062303,9.4
8,3,elastic_net,0.5,0.8,0.5642446633830807,0.026834268312226864,9.2
8,3,elastic_net,2.0,1.0,0.5654862673094398,0.04050107524280712,10.0
8,3,elastic_net,2.0,0.8,0.565689574965225,0.04097984701340512,10.0
8,3,elastic_net,2.0,0.5,0.5661106352303564,0.04166975847266665,10.0
8,3,elastic_net,2.0,0.2,0.5666514901868781,0.04232193467769164,10.0
8,3,elastic_net,0.5,1.0,0.5686560196568415,0.02492004746840052,9.2
8,3,elastic_net,5.0,1.0,0.5704178207372752,0.045518499687385125,10.0
8,3,elastic_net,5.0,0.8,0.5706323142739324,0.045686836442594796,10.0
8,3,elastic_net,5.0,0.5,0.5709650693667574,0.04593024598039914,10.0
8,3,elastic_net,5.0,0.2,0.571309845991465,0.046162216300048665,10.0
8,3,elastic_net,0.1,0.2,0.571389607897441,0.013052585748605355,9.0
8,3,elastic_net,10.0,1.0,0.5728881035568885,0.04747703016125616,10.0
8,3,elastic_net,10.0,0.8,0.5730141856039397,0.04755009591086881,10.0
8,3,elastic_net,10.0,0.5,0.5732020184947435,0.04765512634140875,10.0
8,3,elastic_net,10.0,0.2,0.5733928474521142,0.04775657379867899,10.0
8,3,elastic_net,0.2,0.5,0.5743182137855821,0.016355551987118026,8.8
8,3,elastic_net,0.2,0.8,0.5926344671678624,0.01630107511639077,8.2
8,3,elastic_net,0.05,0.2,0.5926507757922777,0.010846481509429651,7.6
8,3,elastic_net,0.1,0.5,0.5979722405422349,0.012654372511017357,7.4
8,3,elastic_net,0.2,1.0,0.6005494275407035,0.01569850533062219,7.2
8,3,elastic_net,0.05,0.8,0.6022945567470466,0.007134879191389768,0.0
8,3,elastic_net,0.02,0.2,0.602973382769977,0.007406535400923039,1.6
8,3,elastic_net,0.05,1.0,0.6033017165266585,0.006814278583814648,0.0
8,3,elastic_net,0.05,0.5,0.6037617931580664,0.00725753605214653,1.6
8,3,elastic_net,0.02,1.0,0.6038445115720492,0.006650709493745949,0.0
8,3,elastic_net,0.1,1.0,0.6044842556701443,0.007119910661681722,1.6
8,3,elastic_net,0.1,0.8,0.6045651506142858,0.007857702689789933,3.8
8,3,elastic_net,0.01,0.2,0.6064886074781903,0.005609384291263384,0.0
8,3,elastic_net,0.02,0.8,0.6078739394945153,0.006638151916447497,0.0
8,3,elastic_net,0.02,0.5,0.608326973592662,0.006969271669808483,0.0
8,3,elastic_net,0.01,0.5,0.6097491868564784,0.0067542652213774985,0.0
8,3,elastic_net,0.005,0.2,0.6104413649956175,0.006781314853975205,0.0
8,3,elastic_net,0.01,1.0,0.6153864245953015,0.0073475337975300635,0.0
8,3,elastic_net,0.01,0.8,0.6188156598989286,0.008383221563019152,0.0
8,3,elastic_net,0.005,1.0,0.6197934176991868,0.005513923146296355,0.0
8,3,elastic_net,0.002,1.0,0.6198093391536394,0.005511929175627414,0.0
8,3,elastic_net,0.001,1.0,0.6198136635481485,0.005512588106099085,0.0
8,3,elastic_net,0.005,0.5,0.6271842074009709,0.00772110320872771,0.0
8,3,elastic_net,0.002,0.2,0.63003631426342,0.007609845626789308,0.0
8,3,elastic_net,0.005,0.8,0.6325374710230425,0.005294847635439709,0.0
8,3,elastic_net,0.002,0.8,0.6331968916172068,0.005221854303172824,0.0
8,3,elastic_net,0.001,0.8,0.6342480908782859,0.005116184292804032,0.0
8,3,elastic_net,0.002,0.5,0.6347393921935759,0.005070385753963054,0.0
8,3,elastic_net,0.001,0.5,0.6371994728232593,0.004822879310875017,0.0
8,3,elastic_net,0.001,0.2,0.6398963609125226,0.004562106581975624,0.0
8,3,lasso,1.0,,0.5628551631130762,0.03421486530062303,9.4
8,3,lasso,2.0,,0.5654862673094398,0.04050107524280712,10.0
8,3,lasso,0.5,,0.5686560196568415,0.02492004746840052,9.2
8,3,lasso,5.0,,0.5704178207372752,0.045518499687385125,10.0
8,3,lasso,10.0,,0.5728881035568885,0.04747703016125616,10.0
8,3,lasso,0.2,,0.6005494275407035,0.01569850533062219,7.2
8,3,lasso,0.05,,0.6033017165266585,0.006814278583814648,0.0
8,3,lasso,0.02,,0.6038445115720492,0.006650709493745949,0.0
8,3,lasso,0.1,,0.6044842556701443,0.007119910661681722,1.6
8,3,lasso,0.01,,0.6153864245953015,0.0073475337975300635,0.0
8,3,lasso,0.005,,0.6197934176991868,0.005513923146296355,0.0
8,3,lasso,0.002,,0.6198093391536394,0.005511929175627414,0.0
8,3,lasso,0.001,,0.6198136635481485,0.005512588106099085,0.0
8,4,ridge,0.2,,0.5544187623846023,0.04044232294595281,10.0
8,4,ridge,0.5,,0.556581793890846,0.04575341054588498,10.0
8,4,ridge,0.1,,0.556635186034734,0.03506497690714175,10.0
8,4,ridge,1.0,,0.5596823713118926,0.048539328821271925,10.0
8,4,ridge,2.0,,0.5623769124792707,0.05037401331671304,10.0
8,4,ridge,0.05,,0.5631268245189184,0.028580071351392483,10.0
8,4,ridge,5.0,,0.5646357903850845,0.05171164781952583,10.0
8,4,ridge,10.0,,0.565548126085034,0.05221602452922373,10.0
8,4,ridge,0.02,,0.5760772855865927,0.019837669117803283,10.0
8,4,ridge,0.01,,0.5854710124062821,0.014737429791128919,10.0
8,4,ridge,0.005,,0.5924449086675638,0.011462433189007509,10.0
8,4,ridge,0.002,,0.5978611602860555,0.00923531934412991,10.0
8,4,ridge,0.001,,0.599956462930542,0.008452818690871073,10.0
8,4,elastic_net,0.5,0.8,0.5552491258024645,0.03769609371036424,8.4
8,4,elastic_net,0.5,1.0,0.5553443238518578,0.03581229672374136,7.8
8,4,elastic_net,0.5,0.5,0.555386688772038,0.04046739740837958,8.6
8,4,elastic_net,0.2,0.2,0.555982419268909,0.03630744232077717,8.6
8,4,elastic_net,0.5,0.2,0.5563771122181949,0.04324100753019919,9.2
8,4,elastic_net,1.0,1.0,0.5564947031647401,0.04251474928959621,8.6
8,4,elastic_net,1.0,0.8,0.5571299420641879,0.043525520844705554,8.8
8,4,elastic_net,1.0,0.5,0.558157028915498,0.045117278366926916,9.0
8,4,elastic_net,1.0,0.2,0.5589919353695432,0.04711701703625755,9.6
8,4,elastic_net,2.0,1.0,0.5599231040060246,0.0467032605809141,9.0
8,4,elastic_net,0.2,0.5,0.5603006989285563,0.03054519636406124,7.6
8,4,elastic_net,2.0,0.8,0.5604011265358744,0.047362138029651474,9.2
8,4,elastic_net,2.0,0.5,0.561083923525946,0.048488674912368725,9.8
8,4,elastic_net,2.0,0.2,0.5617732651346584,0.04961777936150432,9.8
8,4,elastic_net,5.0,1.0,0.5633059819644768,0.05013395494262784,9.8
8,4,elastic_net,5.0,0.8,0.5635354921713961,0.050450586515671136,9.8
8,4,elastic_net,0.1,0.2,0.5637392388283313,0.028229675443570485,7.4
8,4,elastic_net,5.0,0.5,0.5638873167595998,0.050915325133625074,10.0
8,4,elastic_net,5.0,0.2,0.5642961001272512,0.05138729188838755,10.0
8,4,elastic_net,10.0,1.0,0.5647481227973059,0.05140637546826487,10.0
8,4,elastic_net,10.0,0.8,0.5648940146310805,0.05156827267765671,10.0
8,4,elastic_net,10.0,0.5,0.5651120333481555,0.0518073520424675,10.0
8,4,elastic_net,10.0,0.2,0.5653345721712818,0.05204500470568637,10.0
8,4,elastic_net,0.2,0.8,0.5709944407450619,0.024848468115247917,6.0
8,4,elastic_net,0.2,1.0,0.5790149071867206,0.021173971963328462,5.2
8,4,elastic_net,0.05,0.2,0.5833177428509317,0.01794480069509917,6.0
8,4,elastic_net,0.1,0.5,0.583667050027635,0.01852106328537284,5.4
8,4,elastic_net,0.1,0.8,0.6023123361981931,0.012613688841800016,3.2
8,4,elastic_net,0.05,1.0,0.6032536573184792,0.007032650382484771,0.0
8,4,elastic_net,0.05,0.8,0.6033273979772608,0.0069455204176496034,0.0
8,4,elastic_net,0.02,0.2,0.6034134959393619,0.008312199206894279,1.4
8,4,elastic_net,0.05,0.5,0.6044582238072624,0.009194287569890025,1.2
8,4,elastic_net,0.02,0.5,0.6054766481277984,0.005919762715589845,0.0
8,4,elastic_net,0.01,0.2,0.6056302052779449,0.005860520472388555,0.0
8,4,elastic_net,0.1,1.0,0.6056791268701941,0.010257205934446135,1.0
8,4,elastic_net,0.02,0.8,0.6133323519953172,0.007922936669151328,0.0
8,4,elastic_net,0.02,1.0,0.6144901158067135,0.00816105664555416,0.0
8,4,elastic_net,0.005,0.2,0.6157350701193198,0.008371456210388555,0.0
8,4,elastic_net,0.001,1.0,0.617139545090487,0.0065787442690112465,0.0
8,4,elastic_net,0.002,1.0,0.6171404111046277,0.006578327443784324,0.0
8,4,elastic_net,0.005,1.0,0.6171514507907474,0.006578646544355341,0.0
8,4,elastic_net,0.01,1.0,0.6171713418756062,0.0065750652752296175,0.0
8,4,elastic_net,0.01,0.5,0.6255460929825182,0.009447441838274461,0.0
8,4,elastic_net,0.01,0.8,0.630168975882951,0.006269354524069832,0.0
8,4,elastic_net,0.005,0.8,0.6303845780424976,0.006271670792639622,0.0
8,4,elastic_net,0.002,0.8,0.6310489813196887,0.00624023075471883,0.0
8,4,elastic_net,0.005,0.5,0.631071932918099,0.006236470629554909,0.0
8,4,elastic_net,0.001,0.8,0.6321433155526105,0.006188903135927739,0.0
8,4,elastic_net,0.002,0.5,0.6326846414627914,0.006163154387774604,0.0
8,4,elastic_net,0.002,0.2,0.6342662596416424,0.006078567282592117,0.0
8,4,elastic_net,0.001,0.5,0.6352495011006145,0.00602694084212206,0.0
8,4,elastic_net,0.001,0.2,0.6380998350364507,0.005859370805334605,0.0
8,4,lasso,0.5,,0.5553443238518578,0.03581229672374136,7.8
8,4,lasso,1.0,,0.5564947031647401,0.04251474928959621,8.6
8,4,lasso,2.0,,0.5599231040060246,0.0467032605809141,9.0
8,4,lasso,5.0,,0.5633059819644768,0.05013395494262784,9.8
8,4,lasso,10.0,,0.5647481227973059,0.05140637546826487,10.0
8,4,lasso,0.2,,0.5790149071867206,0.021173971963328462,5.2
8,4,lasso,0.05,,0.6032536573184792,0.007032650382484771,0.0
8,4,lasso,0.1,,0.6056791268701941,0.010257205934446135,1.0
8,4,lasso,0.02,,0.6144901158067135,0.00816105664555416,0.0
8,4,lasso,0.001,,0.617139545090487,0.0065787442690112465,0.0
8,4,lasso,0.002,,0.6171404111046277,0.006578327443784324,0.0
8,4,lasso,0.005,,0.6171514507907474,0.006578646544355341,0.0
8,4,lasso,0.01,,0.6171713418756062,0.0065750652752296175,0.0
8,5,ridge,0.1,,0.5543197857908888,0.0165117433828413,10.0
8,5,ridge,0.05,,0.5560380452554732,0.014036877298609947,10.0
8,5,ridge,0.2,,0.5595522842977773,0.0193525527396539,10.0
8,5,ridge,0.02,,0.5667076415569303,0.010986649073958528,10.0
8,5,ridge,0.5,,0.5735094724201335,0.024307406265703227,10.0
8,5,ridge,0.01,,0.5771705371771557,0.009293021636129346,10.0
8,5,ridge,1.0,,0.5846975783633866,0.028225374217810344,10.0
8,5,ridge,0.005,,0.5864669399240607,0.008328521585132578,10.0
8,5,ridge,2.0,,0.5934992892478365,0.03138707869647832,10.0
8,5,ridge,0.002,,0.5947642681364009,0.007821825288029377,10.0
8,5,ridge,0.001,,0.5982518885377809,0.00770936558576634,10.0
8,5,ridge,5.0,,0.6007246084200628,0.03406302634479203,10.0
8,5,ridge,10.0,,0.6036537349472948,0.03518418066054952,10.0
8,5,elastic_net,0.2,0.2,0.5625116096308773,0.02101743989502406,9.2
8,5,elastic_net,0.1,0.2,0.5639815982012439,0.01622912664478865,8.8
8,5,elastic_net,0.2,0.5,0.5683617177068121,0.019792231537407567,8.0
8,5,elastic_net,0.5,0.8,0.5732463218197402,0.026909174803180207,8.2
8,5,elastic_net,0.5,1.0,0.5738366876057129,0.0267187959574435,8.0
8,5,elastic_net,0.5,0.2,0.5739398351291064,0.02551894748550293,9.6
8,5,elastic_net,0.5,0.5,0.5740634947370562,0.026712970756974156,8.6
8,5,elastic_net,0.05,0.2,0.5772988208652597,0.01228909674445842,7.2
8,5,elastic_net,0.2,0.8,0.5780447804231352,0.018069904462100748,7.2
8,5,elastic_net,0.1,0.5,0.5807078014975534,0.014352657248090896,5.8
8,5,elastic_net,0.2,1.0,0.582627557157137,0.017655858970300257,5.6
8,5,elastic_net,1.0,0.5,0.5833606824372336,0.029260807359980875,9.8
8,5,elastic_net,1.0,1.0,0.5834233730378507,0.030739943054674215,8.2
8,5,elastic_net,1.0,0.8,0.5838976057898494,0.030633063906968773,8.8
8,5,elastic_net,1.0,0.2,0.5839634884801461,0.028536627954699738,10.0
8,5,elastic_net,0.1,0.8,0.5843980456492768,0.012024769643761098,3.0
8,5,elastic_net,0.1,1.0,0.5890269915477224,0.00983518387554637,2.2
8,5,elastic_net,2.0,1.0,0.5906902733887469,0.03212888153529914,9.8
8,5,elastic_net,2.0,0.8,0.5910652451394904,0.0319035963188583,10.0
8,5,elastic_net,2.0,0.5,0.5919319464682589,0.03169424227428894,10.0
8,5,elastic_net,0.05,0.5,0.5920964350731509,0.00898416695571963,2.6
8,5,elastic_net,2.0,0.2,0.5928100885852803,0.03150317037576889,10.0
8,5,elastic_net,0.02,0.2,0.5962275830381947,0.008249019643247342,2.6
8,5,elastic_net,5.0,1.0,0.5989600263104875,0.03420998401468332,10.0
8,5,elastic_net,5.0,0.8,0.5993050240154998,0.03418296004041824,10.0
8,5,elastic_net,5.0,0.5,0.599809550079226,0.034135767221608264,10.0
8,5,elastic_net,5.0,0.2,0.6002977172131747,0.03408414907586907,10.0
8,5,elastic_net,0.05,0.8,0.6024475277060715,0.0073510683015484656,0.2
8,5,elastic_net,10.0,1.0,0.602658347927925,0.035226574465499066,10.0
8,5,elastic_net,0.05,1.0,0.6028398294159205,0.007284161673136684,0.0
8,5,elastic_net,10.0,0.8,0.602844715956375,0.035214028285735055,10.0
8,5,elastic_net,10.0,0.5,0.6031165576626117,0.03519055601086025,10.0
8,5,elastic_net,10.0,0.2,0.6033849014173075,0.03516801560688165,10.0
8,5,elastic_net,0.01,0.2,0.6043828211414686,0.006296405896710251,0.0
8,5,elastic_net,0.02,0.5,0.605740411107728,0.005731002852905816,0.0
8,5,elastic_net,0.02,1.0,0.6135038591645448,0.005410293345228888,0.0
8,5,elastic_net,0.02,0.8,0.6142207644135105,0.005013962131549161,0.0
8,5,elastic_net,0.01,1.0,0.6146064626546708,0.004576993805530083,0.0
8,5,elastic_net,0.005,0.2,0.6170664283971586,0.00498860967170412,0.0
8,5,elastic_net,0.01,0.5,0.6224561882445085,0.00644727066816941,0.0
8,5,elastic_net,0.005,1.0,0.6232075241380938,0.004137871341325413,0.0
8,5,elastic_net,0.002,1.0,0.6232086194200923,0.004138109647355766,0.0
8,5,elastic_net,0.001,1.0,0.6232091194357862,0.004138324420692099,0.0
8,5,elastic_net,0.01,0.8,0.6239313365002543,0.005142255708870732,0.0
8,5,elastic_net,0.005,0.5,0.6248242320143722,0.005185313236461236,0.0
8,5,elastic_net,0.002,0.2,0.6273700247549818,0.005380721659797436,0.0
8,5,elastic_net,0.005,0.8,0.6358275083999907,0.004565845067398565,0.0
8,5,elastic_net,0.002,0.8,0.636439197482756,0.004559416833590899,0.0
8,5,elastic_net,0.001,0.8,0.6374502054132898,0.0045541292305641004,0.0
8,5,elastic_net,0.002,0.5,0.6379417081821259,0.00454785545815363,0.0
8,5,elastic_net,0.001,0.5,0.6403070598438674,0.004512290177752795,0.0
8,5,elastic_net,0.001,0.2,0.6429236516526347,0.004444511089884458,0.0
8,5,lasso,0.5,,0.5738366876057129,0.0267187959574435,8.0
8,5,lasso,0.2,,0.582627557157137,0.017655858970300257,5.6
8,5,lasso,1.0,,0.5834233730378507,0.030739943054674215,8.2
8,5,lasso,0.1,,0.5890269915477224,0.00983518387554637,2.2
8,5,lasso,2.0,,0.5906902733887469,0.03212888153529914,9.8
8,5,lasso,5.0,,0.5989600263104875,0.03420998401468332,10.0
8,5,lasso,10.0,,0.602658347927925,0.035226574465499066,10.0
8,5,lasso,0.05,,0.6028398294159205,0.007284161673136684,0.0
8,5,lasso,0.02,,0.6135038591645448,0.005410293345228888,0.0
8,5,lasso,0.01,,0.6146064626546708,0.004576993805530083,0.0
8,5,lasso,0.005,,0.6232075241380938,0.004137871341325413,0.0
8,5,lasso,0.002,,0.6232086194200923,0.004138109647355766,0.0
8,5,lasso,0.001,,0.6232091194357862,0.004138324420692099,0.0
9,1,ridge,0.2,,0.5580087524468411,0.03177822320549191,10.0
9,1,ridge,0.1,,0.5580951739574078,0.024001309145254286,10.0
9,1,ridge,0.05,,0.5640147482076682,0.016822021443127923,10.0
9,1,ridge,0.5,,0.5661069687001664,0.042197275289823484,10.0
9,1,ridge,1.0,,0.5751053812389177,0.04944299247443337,10.0
9,1,ridge,0.02,,0.5759884715612218,0.008778194487449003,10.0
9,1,ridge,2.0,,0.5837581490683563,0.05562671903599384,10.0
9,1,ridge,0.01,,0.584119010365,0.004856631292097216,10.0
9,1,ridge,0.005,,0.5898904616290318,0.003937772699510105,10.0
9,1,ridge,5.0,,0.5924329794231676,0.06169463194107677,10.0
9,1,ridge,0.002,,0.5942220325111323,0.004941953887642508,10.0
9,1,ridge,0.001,,0.5958596667459685,0.005564283030327755,10.0
9,1,ridge,10.0,,0.5964811657118358,0.06460862837441447,10.0
9,1,elastic_net,0.2,0.2,0.5643639576307296,0.026821656984347242,9.0
9,1,elastic_net,0.5,0.2,0.5670074703541846,0.039737766557909504,9.8
9,1,elastic_net,0.5,0.5,0.5698654827809336,0.03603079609838081,8.8
9,1,elastic_net,0.5,0.8,0.5744865151639271,0.032890032105200535,8.4
9,1,elastic_net,1.0,0.2,0.5750098303606489,0.04805203568516345,9.8
9,1,elastic_net,1.0,0.5,0.5755425556078875,0.04598948444344029,9.2
9,1,elastic_net,0.1,0.2,0.5759585406496861,0.01681237507979345,8.8
9,1,elastic_net,1.0,0.8,0.5765764895533783,0.04391972532343366,8.8
9,1,elastic_net,1.0,1.0,0.5773994956178553,0.04248807047550003,8.8
9,1,elastic_net,0.5,1.0,0.5788301693754196,0.030967536213868496,8.4
9,1,elastic_net,0.2,0.5,0.5813477547069485,0.021112821104243836,8.6
9,1,elastic_net,2.0,0.2,0.5836641437638858,0.054956818544708116,10.0
9,1,elastic_net,2.0,0.5,0.5837319962706239,0.054019067390602755,10.0
9,1,elastic_net,2.0,0.8,0.5840686201556734,0.05310875904172436,9.2
9,1,elastic_net,2.0,1.0,0.5844118512979757,0.052504335927765024,9.2
9,1,elastic_net,5.0,0.2,0.5924217963303839,0.061503495645768486,10.0
9,1,elastic_net,5.0,0.5,0.5926660393641372,0.06134076057803602,10.0
9,1,elastic_net,5.0,0.8,0.5929653403241538,0.06121474738129921,10.0
9,1,elastic_net,5.0,1.0,0.5932025917977157,0.06115578994036859,10.0
9,1,elastic_net,10.0,0.2,0.5964733415450635,0.06450296569407116,10.0
9,1,elastic_net,10.0,0.5,0.5966905504897972,0.06450812833808921,10.0
9,1,elastic_net,10.0,0.8,0.5969308434321856,0.0645299265043065,10.0
9,1,elastic_net,10.0,1.0,0.5971043486781441,0.06455467342148641,10.0
9,1,elastic_net,0.05,0.8,0.5974020677368466,0.005829754003699769,0.0
9,1,elastic_net,0.05,1.0,0.598429344290418,0.006740190294017421,0.0
9,1,elastic_net,0.05,0.2,0.600109849117832,0.008637826586700894,7.4
9,1,elastic_net,0.01,0.2,0.601874414667994,0.008599761174649723,0.0
9,1,elastic_net,0.02,0.5,0.6027731633078461,0.008171519250495779,0.0
9,1,elastic_net,0.02,0.2,0.6035925708681894,0.004342432629153797,1.2
9,1,elastic_net,0.2,0.8,0.6057759937432491,0.01886832174975932,7.6
9,1,elastic_net,0.01,1.0,0.6074704441885608,0.005658775766770712,0.0
9,1,elastic_net,0.02,1.0,0.6074842042030998,0.005656445873054186,0.0
9,1,elastic_net,0.05,0.5,0.609739614200374,0.004116321732941378,1.0
9,1,elastic_net,0.02,0.8,0.6097432876712882,0.006324267710593066,0.0
9,1,elastic_net,0.005,1.0,0.6116957224595598,0.005717579349510494,0.0
9,1,elastic_net,0.002,1.0,0.611708572083356,0.005715348508493404,0.0
9,1,elastic_net,0.001,1.0,0.6117090791374258,0.005715000748911219,0.0
9,1,elastic_net,0.005,0.2,0.6124177465885836,0.006785855757632447,0.0
9,1,elastic_net,0.1,0.5,0.6135379087634607,0.012329396654434147,6.2
9,1,elastic_net,0.1,1.0,0.615767366778871,0.00524914563208557,1.0
9,1,elastic_net,0.01,0.8,0.6184313129696754,0.006403340818922236,0.0
9,1,elastic_net,0.01,0.5,0.6187824090043683,0.006424091568488628,0.0
9,1,elastic_net,0.005,0.5,0.6193537316830022,0.006460890845020895,0.0
9,1,elastic_net,0.2,1.0,0.6198797720453747,0.017225029764407537,6.4
9,1,elastic_net,0.002,0.2,0.6226868735855995,0.0066389531488979065,0.0
9,1,elastic_net,0.1,0.8,0.6231768678209524,0.007800247458311979,2.8
9,1,elastic_net,0.005,0.8,0.6247953186933177,0.005414132941835314,0.0
9,1,elastic_net,0.002,0.8,0.6255840510265943,0.005409066310773008,0.0
9,1,elastic_net,0.001,0.8,0.6268751810919438,0.005380904803147634,0.0
9,1,elastic_net,0.002,0.5,0.6274978815920503,0.005370244456652097,0.0
9,1,elastic_net,0.001,0.5,0.6305103676751205,0.00528828812778302,0.0
9,1,elastic_net,0.001,0.2,0.6338108691606876,0.005183240866521888,0.0
9,1,lasso,1.0,,0.5773994956178553,0.04248807047550003,8.8
9,1,lasso,0.5,,0.5788301693754196,0.030967536213868496,8.4
9,1,lasso,2.0,,0.5844118512979757,0.052504335927765024,9.2
9,1,lasso,5.0,,0.5932025917977157,0.06115578994036859,10.0
9,1,lasso,10.0,,0.5971043486781441,0.06455467342148641,10.0
9,1,lasso,0.05,,0.598429344290418,0.006740190294017421,0.0
9,1,lasso,0.01,,0.6074704441885608,0.005658775766770712,0.0
9,1,lasso,0.02,,0.6074842042030998,0.005656445873054186,0.0
9,1,lasso,0.005,,0.6116957224595598,0.005717579349510494,0.0
9,1,lasso,0.002,,0.611708572083356,0.005715348508493404,0.0
9,1,lasso,0.001,,0.6117090791374258,0.005715000748911219,0.0
9,1,lasso,0.1,,0.615767366778871,0.00524914563208557,1.0
9,1,lasso,0.2,,0.6198797720453747,0.017225029764407537,6.4
9,2,ridge,0.1,,0.5557297041660206,0.025290527881389416,10.0
9,2,ridge,0.05,,0.5560326777463809,0.018443099247083997,10.0
9,2,ridge,0.2,,0.5617586921290776,0.03234937199072364,10.0
9,2,ridge,0.02,,0.5650197317563448,0.0115430618664675,10.0
9,2,ridge,0.01,,0.5743734524451676,0.00861426170368826,10.0
9,2,ridge,0.5,,0.5749816748270656,0.04040438961619159,10.0
9,2,ridge,0.005,,0.5825719528565345,0.007300893859498349,10.0
9,2,ridge,1.0,,0.5846730350656688,0.044939901216710675,10.0
9,2,ridge,0.002,,0.5896525599632151,0.006770012803628357,10.0
9,2,ridge,2.0,,0.5921199122142071,0.048165462243727176,10.0
9,2,ridge,0.001,,0.5925536697030275,0.006669308637327015,10.0
9,2,ridge,5.0,,0.5983212542836276,0.050835384365825985,10.0
9,2,ridge,10.0,,0.6009619991217734,0.05200650899996223,10.0
9,2,elastic_net,0.2,0.2,0.562191801956795,0.02947502323021306,9.2
9,2,elastic_net,0.1,0.2,0.5623950835359094,0.020277537077517675,8.4
9,2,elastic_net,0.2,0.5,0.5684621479177322,0.025297499047901285,8.2
9,2,elastic_net,0.5,0.5,0.5729028463025998,0.036712107423287045,9.0
9,2,elastic_net,0.5,0.8,0.5733150491229626,0.034846389049326854,8.6
9,2,elastic_net,0.5,0.2,0.5742083033032624,0.03881317687345987,9.6
9,2,elastic_net,0.5,1.0,0.5745669434114357,0.03367618864620302,8.6
9,2,elastic_net,0.05,0.2,0.5755258752190906,0.012543098664807167,7.0
9,2,elastic_net,0.2,0.8,0.5770749203288876,0.02114889559996147,7.0
9,2,elastic_net,0.1,0.5,0.5805050114886257,0.014783499927861087,6.0
9,2,elastic_net,1.0,1.0,0.5806259421741762,0.04067850608073489,8.8
9,2,elastic_net,1.0,0.8,0.5811477050835698,0.041386244709271644,9.2
9,2,elastic_net,1.0,0.5,0.5819098272353134,0.042527255675950136,9.6
9,2,elastic_net,0.2,1.0,0.5828096301747248,0.018542610058713535,6.0
9,2,elastic_net,1.0,0.2,0.5834648729004177,0.04394088103497509,9.6
9,2,elastic_net,2.0,1.0,0.5875628849758232,0.04518164987201911,9.6
9,2,elastic_net,2.0,0.8,0.5883066017972972,0.04574203878535851,9.6
9,2,elastic_net,2.0,0.5,0.5896082437872339,0.04663712276367066,9.6
9,2,elastic_net,2.0,0.2,0.5910604393528135,0.04756702838503192,9.6
9,2,elastic_net,5.0,1.0,0.595467261757692,0.049333901491251324,9.6
9,2,elastic_net,0.05,0.8,0.5960183321678773,0.006054622717328131,0.0
9,2,elastic_net,5.0,0.8,0.5960246018008717,0.049649089315686123,9.8
9,2,elastic_net,0.05,1.0,0.5961878205136311,0.00590701334686352,0.0
9,2,elastic_net,5.0,0.5,0.5968672627578852,0.05010439724190329,9.8
9,2,elastic_net,0.02,0.2,0.5970944293762523,0.005972735904875184,1.4
9,2,elastic_net,0.02,1.0,0.5971893310280622,0.005657173853277146,0.0
9,2,elastic_net,0.1,0.8,0.5973244576451051,0.00865272898342924,3.2
9,2,elastic_net,5.0,0.2,0.5977050285713513,0.05053592098452976,10.0
9,2,elastic_net,0.05,0.5,0.5987127059680516,0.005579372257535516,1.2
9,2,elastic_net,10.0,1.0,0.5993227347498686,0.051196795177578545,9.8
9,2,elastic_net,0.01,0.2,0.5994061347421277,0.005327314268883574,0.0
9,2,elastic_net,10.0,0.8,0.5996411339091973,0.051359061029045874,10.0
9,2,elastic_net,0.02,0.8,0.5998183771666796,0.005071020336423818,0.0
9,2,elastic_net,10.0,0.5,0.6001138954075196,0.05159172762081496,10.0
9,2,elastic_net,0.1,1.0,0.6004889825469918,0.0055635936840602645,1.2
9,2,elastic_net,10.0,0.2,0.6005795339052308,0.05181812947524889,10.0
9,2,elastic_net,0.02,0.5,0.6011663367987563,0.004927123530021306,0.0
9,2,elastic_net,0.01,0.5,0.6015899026844664,0.004756279159299216,0.0
9,2,elastic_net,0.005,0.2,0.6018037898851945,0.004864398830812829,0.0
9,2,elastic_net,0.01,1.0,0.605558965127597,0.006526324574715381,0.0
9,2,elastic_net,0.01,0.8,0.606984002214563,0.006728614005741725,0.0
9,2,elastic_net,0.005,1.0,0.6144972638822931,0.00477694737681156,0.0
9,2,elastic_net,0.001,1.0,0.6145150444746496,0.004769708542716373,0.0
9,2,elastic_net,0.002,1.0,0.6145150444746496,0.004769708542716373,0.0
9,2,elastic_net,0.005,0.5,0.6157274061688316,0.008394384424798737,0.0
9,2,elastic_net,0.002,0.2,0.618205019159922,0.008709122450621266,0.0
9,2,elastic_net,0.005,0.8,0.6238480809688145,0.008393025063657087,0.0
9,2,elastic_net,0.002,0.8,0.6288251820789769,0.0045212429713140795,0.0
9,2,elastic_net,0.001,0.8,0.6299164065366984,0.004437902411460962,0.0
9,2,elastic_net,0.002,0.5,0.6304439659243111,0.004398397751933973,0.0
9,2,elastic_net,0.001,0.5,0.6330142573297588,0.004198162169719284,0.0
9,2,elastic_net,0.001,0.2,0.6358555472984689,0.003978451913022584,0.0
9,2,lasso,0.5,,0.5745669434114357,0.03367618864620302,8.6
9,2,lasso,1.0,,0.5806259421741762,0.04067850608073489,8.8
9,2,lasso,0.2,,0.5828096301747248,0.018542610058713535,6.0
9,2,lasso,2.0,,0.5875628849758232,0.04518164987201911,9.6
9,2,lasso,5.0,,0.595467261757692,0.049333901491251324,9.6
9,2,lasso,0.05,,0.5961878205136311,0.00590701334686352,0.0
9,2,lasso,0.02,,0.5971893310280622,0.005657173853277146,0.0
9,2,lasso,10.0,,0.5993227347498686,0.051196795177578545,9.8
9,2,lasso,0.1,,0.6004889825469918,0.0055635936840602645,1.2
9,2,lasso,0.01,,0.605558965127597,0.006526324574715381,0.0
9,2,lasso,0.005,,0.6144972638822931,0.00477694737681156,0.0
9,2,lasso,0.001,,0.6145150444746496,0.004769708542716373,0.0
9,2,lasso,0.002,,0.6145150444746496,0.004769708542716373,0.0
9,3,ridge,0.1,,0.5603424109593382,0.03571897660457613,10.0
9,3,ridge,0.05,,0.5614746584844427,0.02663511918456271,10.0
9,3,ridge,0.2,,0.5640193366526576,0.04391704924855114,10.0
9,3,ridge,0.02,,0.5706950681841899,0.016013672303538673,10.0
9,3,ridge,0.5,,0.5725352864934588,0.05198393731898457,10.0
9,3,ridge,1.0,,0.5787508587781998,0.0557644253298061,10.0
9,3,ridge,0.01,,0.5801427881439367,0.01075906073615782,10.0
9,3,ridge,2.0,,0.5833443492082991,0.057979871424325695,10.0
9,3,ridge,5.0,,0.5869411294562046,0.0594703518189902,10.0
9,3,ridge,10.0,,0.5883126749431267,0.05999096384578937,10.0
9,3,ridge,0.005,,0.5884848593103928,0.00832438414740471,10.0
9,3,ridge,0.002,,0.5957941043444064,0.007576094837260161,10.0
9,3,ridge,0.001,,0.598820538753558,0.00754962791590727,10.0
9,3,elastic_net,0.2,0.2,0.5628464537643298,0.04005023529003472,8.4
9,3,elastic_net,0.1,0.2,0.5653231129669452,0.02843893185196016,8.0
9,3,elastic_net,0.2,0.5,0.5665529399823693,0.03247526511136969,7.2
9,3,elastic_net,0.2,1.0,0.5669396930345721,0.015143645275656717,5.4
9,3,elastic_net,0.2,0.8,0.5673827525889398,0.02140163342227905,6.0
9,3,elastic_net,0.5,0.5,0.5695405371525872,0.04777399618150701,8.2
9,3,elastic_net,0.5,0.8,0.5697177022611517,0.04506740237087356,7.6
9,3,elastic_net,0.1,0.5,0.5704365041208843,0.012489586836913598,5.8
9,3,elastic_net,0.5,1.0,0.5709270221370949,0.04341244514259412,7.2
9,3,elastic_net,0.5,0.2,0.5709979598478718,0.05043604509905404,8.8
9,3,elastic_net,0.05,0.2,0.5744842271570487,0.012943755979961079,6.6
9,3,elastic_net,1.0,1.0,0.5754784081066309,0.05162877120894792,7.8
9,3,elastic_net,1.0,0.8,0.5759445225009261,0.05258225790801889,7.8
9,3,elastic_net,1.0,0.5,0.5768851798794491,0.05373223931850152,8.6
9,3,elastic_net,1.0,0.2,0.578011115052299,0.054915790522437516,9.6
9,3,elastic_net,0.1,0.8,0.5785182217942111,0.006234087076961855,3.4
9,3,elastic_net,2.0,1.0,0.5816779700574445,0.05602501001626172,8.6
9,3,elastic_net,2.0,0.8,0.5819594407626146,0.056396486064664436,9.0
9,3,elastic_net,2.0,0.5,0.5823826245355642,0.057004107625738085,9.0
9,3,elastic_net,2.0,0.2,0.5830419879683163,0.05761115165395078,9.8
9,3,elastic_net,5.0,1.0,0.5863096224237205,0.05878920226587475,9.0
9,3,elastic_net,5.0,0.8,0.5864963705119324,0.05894466267325308,9.2
9,3,elastic_net,5.0,0.5,0.5866348490521646,0.0591537765156269,9.4
9,3,elastic_net,5.0,0.2,0.5867979882284208,0.05935827544848729,9.6
9,3,elastic_net,10.0,1.0,0.5880594234660234,0.05970177778594474,9.4
9,3,elastic_net,10.0,0.8,0.5881093391498016,0.05976805991477179,9.4
9,3,elastic_net,10.0,0.5,0.5881886586746994,0.05986184405832993,9.6
9,3,elastic_net,10.0,0.2,0.5882591952177333,0.05994324269436797,9.6
9,3,elastic_net,0.1,1.0,0.5896418736431033,0.008168882545487168,1.6
9,3,elastic_net,0.05,0.5,0.5930620154119639,0.008005430448794974,1.6
9,3,elastic_net,0.02,0.2,0.5970755535951418,0.007782069606681149,1.6
9,3,elastic_net,0.05,1.0,0.6025233003566373,0.007258838821322709,0.0
9,3,elastic_net,0.05,0.8,0.602562837006991,0.007068349655212476,0.0
9,3,elastic_net,0.01,0.2,0.6036886548238305,0.006441595377017721,0.0
9,3,elastic_net,0.02,0.8,0.6047545383899985,0.006129543425603922,0.0
9,3,elastic_net,0.02,0.5,0.6049678337278884,0.006205509295508099,0.0
9,3,elastic_net,0.005,0.2,0.6061681179774338,0.005909927051511728,0.0
9,3,elastic_net,0.02,1.0,0.607294156255553,0.006830652633947149,0.0
9,3,elastic_net,0.01,0.5,0.6136691021013602,0.00824300102354486,0.0
9,3,elastic_net,0.005,1.0,0.6166699399416979,0.0044709181072722605,0.0
9,3,elastic_net,0.001,1.0,0.6166748536097062,0.004477590257320398,0.0
9,3,elastic_net,0.002,1.0,0.6166748536218375,0.0044775855286431345,0.0
9,3,elastic_net,0.01,1.0,0.6167050708068842,0.004465027439016276,0.0
9,3,elastic_net,0.01,0.8,0.6203541644987632,0.004874572254134355,0.0
9,3,elastic_net,0.005,0.5,0.623349909859578,0.0052694793356749085,0.0
9,3,elastic_net,0.002,0.2,0.6263587256090573,0.005244710560742164,0.0
9,3,elastic_net,0.005,0.8,0.629945993166843,0.003881499313111883,0.0
9,3,elastic_net,0.002,0.8,0.6306156383053576,0.003853647103850847,0.0
9,3,elastic_net,0.001,0.8,0.6317045085119795,0.003799895615734065,0.0
9,3,elastic_net,0.002,0.5,0.6322345435062761,0.003770830807688598,0.0
9,3,elastic_net,0.001,0.5,0.6347848616380787,0.003647326124974692,0.0
9,3,elastic_net,0.001,0.2,0.637608405269523,0.00350485195249193,0.0
9,3,lasso,0.2,,0.5669396930345721,0.015143645275656717,5.4
9,3,lasso,0.5,,0.5709270221370949,0.04341244514259412,7.2
9,3,lasso,1.0,,0.5754784081066309,0.05162877120894792,7.8
9,3,lasso,2.0,,0.5816779700574445,0.05602501001626172,8.6
9,3,lasso,5.0,,0.5863096224237205,0.05878920226587475,9.0
9,3,lasso,10.0,,0.5880594234660234,0.05970177778594474,9.4
9,3,lasso,0.1,,0.5896418736431033,0.008168882545487168,1.6
9,3,lasso,0.05,,0.6025233003566373,0.007258838821322709,0.0
9,3,lasso,0.02,,0.607294156255553,0.006830652633947149,0.0
9,3,lasso,0.005,,0.6166699399416979,0.0044709181072722605,0.0
9,3,lasso,0.001,,0.6166748536097062,0.004477590257320398,0.0
9,3,lasso,0.002,,0.6166748536218375,0.0044775855286431345,0.0
9,3,lasso,0.01,,0.6167050708068842,0.004465027439016276,0.0
9,4,ridge,0.2,,0.5380999295327434,0.028713243526104663,10.0
9,4,ridge,0.1,,0.5388150659060242,0.022464058092473496,10.0
9,4,ridge,0.5,,0.5464261518642637,0.03746937547172515,10.0
9,4,ridge,0.05,,0.5471024710767931,0.01727154909251329,10.0
9,4,ridge,1.0,,0.5551372650287693,0.043083861608767704,10.0
9,4,ridge,2.0,,0.5627625633604559,0.047034029014938174,10.0
9,4,ridge,0.02,,0.5650030543246564,0.012296140966528332,10.0
9,4,ridge,5.0,,0.5694655095996275,0.04989768136098582,10.0
9,4,ridge,10.0,,0.572374329788554,0.05095693847709563,10.0
9,4,ridge,0.01,,0.5782962563142136,0.00999721195480383,10.0
9,4,ridge,0.005,,0.5882657412527101,0.008752680862868685,10.0
9,4,ridge,0.002,,0.596017698027611,0.008051845365295972,10.0
9,4,ridge,0.001,,0.5990036246005785,0.007844223002210316,10.0
9,4,elastic_net,0.2,0.2,0.5434739717339662,0.026365185361254113,9.2
9,4,elastic_net,0.5,0.2,0.5474250966557623,0.03681997397844511,9.6
9,4,elastic_net,0.5,0.5,0.5497222506711904,0.03586757090022534,9.2
9,4,elastic_net,0.5,0.8,0.5521662336380031,0.03442138850756318,9.0
9,4,elastic_net,0.1,0.2,0.5526901929470835,0.017999686940814958,9.0
9,4,elastic_net,0.5,1.0,0.554352331317349,0.03348922550734377,8.8
9,4,elastic_net,0.2,0.5,0.5544295307493241,0.023182827477431136,8.8
9,4,elastic_net,1.0,0.2,0.5547539633398199,0.04277523335778806,10.0
9,4,elastic_net,1.0,0.5,0.5550281304362696,0.042260433491449055,9.2
9,4,elastic_net,1.0,0.8,0.5556781144804072,0.04200978214326602,9.2
9,4,elastic_net,1.0,1.0,0.5564463814733769,0.042004783159962485,9.2
9,4,elastic_net,2.0,1.0,0.5613419555986736,0.04623508957173344,9.2
9,4,elastic_net,2.0,0.8,0.5614119724993711,0.046406311541503806,9.2
9,4,elastic_net,2.0,0.5,0.5616941478987162,0.04664390561434762,9.6
9,4,elastic_net,2.0,0.2,0.5621766337842962,0.046840121449352894,9.8
9,4,elastic_net,5.0,1.0,0.5682514499367481,0.04960756412085698,9.6
9,4,elastic_net,5.0,0.8,0.5684130899120509,0.049663383805291623,9.8
9,4,elastic_net,5.0,0.5,0.5687427477420199,0.04974776650248639,10.0
9,4,elastic_net,5.0,0.2,0.569082926864791,0.04982155804050074,10.0
9,4,elastic_net,0.2,0.8,0.5691148415908165,0.01875916113626454,7.4
9,4,elastic_net,10.0,1.0,0.571644406988364,0.05079087178109453,10.0
9,4,elastic_net,10.0,0.8,0.5717513551038292,0.05081816733454012,10.0
9,4,elastic_net,10.0,0.5,0.5719159928557092,0.05085874334396121,10.0
9,4,elastic_net,10.0,0.2,0.5720795368561491,0.050901139298807074,10.0
9,4,elastic_net,0.05,0.2,0.5753358167220654,0.010719695793417434,7.6
9,4,elastic_net,0.2,1.0,0.5760284993186968,0.01501491021088996,6.0
9,4,elastic_net,0.1,0.5,0.5777343793207272,0.011658412400200418,6.2
9,4,elastic_net,0.1,0.8,0.5911232464423948,0.007900963548475304,2.6
9,4,elastic_net,0.1,1.0,0.5957006410823682,0.008176066003249487,1.6
9,4,elastic_net,0.05,0.5,0.5974062542338612,0.008026775762845188,1.4
9,4,elastic_net,0.02,0.2,0.5995172026739757,0.00784271824893904,1.6
9,4,elastic_net,0.05,1.0,0.6032386220967814,0.006867599339452671,0.0
9,4,elastic_net,0.05,0.8,0.6034086026031166,0.006724694657356457,0.0
9,4,elastic_net,0.01,0.2,0.6070966232050529,0.00541198865772518,0.0
9,4,elastic_net,0.02,1.0,0.6103871430784408,0.004715600548080359,0.0
9,4,elastic_net,0.02,0.5,0.6127320839499399,0.005413500915853044,0.0
9,4,elastic_net,0.005,1.0,0.6147219258985281,0.003020135822295328,0.0
9,4,elastic_net,0.01,1.0,0.6147286391542198,0.003022411091784867,0.0
9,4,elastic_net,0.02,0.8,0.6156541498297093,0.004281925492817436,0.0
9,4,elastic_net,0.001,1.0,0.616183971542917,0.003837909407094975,0.0
9,4,elastic_net,0.002,1.0,0.6161848229478141,0.0038384738070097947,0.0
9,4,elastic_net,0.01,0.5,0.61857438526373,0.0045029699904667216,0.0
9,4,elastic_net,0.005,0.2,0.6192628477745583,0.004547461365636072,0.0
9,4,elastic_net,0.01,0.8,0.6211159598418432,0.0053736465227209275,0.0
9,4,elastic_net,0.005,0.8,0.6263896056336243,0.001839183213802835,0.0
9,4,elastic_net,0.005,0.5,0.6269506250016785,0.001892617375744136,0.0
9,4,elastic_net,0.002,0.2,0.6296337898317782,0.002156508281687174,0.0
9,4,elastic_net,0.002,0.8,0.6300912179015625,0.002505253800823957,0.0
9,4,elastic_net,0.001,0.8,0.631094907484949,0.0024619649807096967,0.0
9,4,elastic_net,0.002,0.5,0.6315921785264831,0.0024465453375657298,0.0
9,4,elastic_net,0.001,0.2,0.6329400618875113,0.002492327248714789,0.0
9,4,elastic_net,0.001,0.5,0.6339639129821159,0.0023527566237362975,0.0
9,4,lasso,0.5,,0.554352331317349,0.03348922550734377,8.8
9,4,lasso,1.0,,0.5564463814733769,0.042004783159962485,9.2
9,4,lasso,2.0,,0.5613419555986736,0.04623508957173344,9.2
9,4,lasso,5.0,,0.5682514499367481,0.04960756412085698,9.6
9,4,lasso,10.0,,0.571644406988364,0.05079087178109453,10.0
9,4,lasso,0.2,,0.5760284993186968,0.01501491021088996,6.0
9,4,lasso,0.1,,0.5957006410823682,0.008176066003249487,1.6
9,4,lasso,0.05,,0.6032386220967814,0.006867599339452671,0.0
9,4,lasso,0.02,,0.6103871430784408,0.004715600548080359,0.0
9,4,lasso,0.005,,0.6147219258985281,0.003020135822295328,0.0
9,4,lasso,0.01,,0.6147286391542198,0.003022411091784867,0.0
9,4,lasso,0.001,,0.616183971542917,0.003837909407094975,0.0
9,4,lasso,0.002,,0.6161848229478141,0.0038384738070097947,0.0
9,5,ridge,0.1,,0.5631354124866377,0.006511094425236568,10.0
9,5,ridge,0.05,,0.564548636008974,0.0028937819211204124,10.0
9,5,ridge,0.2,,0.5665727428423761,0.012495801925965895,10.0
9,5,ridge,0.02,,0.5736259038532354,0.0032583326670215383,10.0
9,5,ridge,0.5,,0.5758383602448058,0.02120312881494644,10.0
9,5,ridge,0.01,,0.5827601439147112,0.00462207186529194,10.0
9,5,ridge,1.0,,0.5834482960202555,0.02660329917150484,10.0
9,5,ridge,2.0,,0.5896982985605693,0.03035458005493232,10.0
9,5,ridge,0.005,,0.5905121868494686,0.005801636552269808,10.0
9,5,ridge,5.0,,0.5950677783171179,0.03315044183046962,10.0
9,5,ridge,0.002,,0.5969268561788914,0.006808859468687194,10.0
9,5,ridge,10.0,,0.5972851712853291,0.03421396518153352,10.0
9,5,ridge,0.001,,0.5994615555914058,0.007212926052546867,10.0
9,5,elastic_net,0.2,0.2,0.5718158670424716,0.009013798016430987,9.6
9,5,elastic_net,0.5,0.2,0.5773737286178406,0.018549878011161598,10.0
9,5,elastic_net,0.1,0.2,0.5779489642458188,0.003805145154476015,9.0
9,5,elastic_net,0.5,0.5,0.5790469519021411,0.014815781706437417,9.6
9,5,elastic_net,0.5,0.8,0.583090668719222,0.011729848656662887,9.4
9,5,elastic_net,1.0,0.2,0.5837692598872674,0.025205152091458915,10.0
9,5,elastic_net,1.0,0.5,0.5847018021347268,0.023077255499220923,10.0
9,5,elastic_net,0.2,0.5,0.5850178015559101,0.005432476259349012,8.8
9,5,elastic_net,1.0,0.8,0.5853652455728391,0.020752682990285768,9.6
9,5,elastic_net,1.0,1.0,0.5855795015339271,0.019239792099908507,9.6
9,5,elastic_net,0.5,1.0,0.5867855403517469,0.010122624276153817,9.0
9,5,elastic_net,0.05,0.2,0.588593265874883,0.003211062173385208,7.4
9,5,elastic_net,2.0,0.2,0.5896747726156553,0.029629749822309284,10.0
9,5,elastic_net,2.0,0.5,0.5898234211817016,0.028591159096428957,10.0
9,5,elastic_net,2.0,0.8,0.5900805953881596,0.027505760149621646,10.0
9,5,elastic_net,2.0,1.0,0.5902764426232776,0.026722238750231813,9.8
9,5,elastic_net,0.2,0.8,0.5926963940429518,0.0048112404075815966,7.4
9,5,elastic_net,0.1,0.5,0.5928372981267163,0.00372378615277591,5.6
9,5,elastic_net,5.0,0.8,0.5949267704470171,0.03204643014066419,10.0
9,5,elastic_net,5.0,1.0,0.5949324506507405,0.031771135211784825,10.0
9,5,elastic_net,5.0,0.5,0.5949356704064261,0.03244977730147272,10.0
9,5,elastic_net,5.0,0.2,0.5949566557290493,0.03284316059245573,10.0
9,5,elastic_net,0.2,1.0,0.5957991323617322,0.004461882952155838,5.8
9,5,elastic_net,10.0,1.0,0.5971321136938992,0.03352497488103389,10.0
9,5,elastic_net,10.0,0.8,0.597143286884301,0.03365505943031355,10.0
9,5,elastic_net,10.0,0.5,0.5971630277522791,0.033848237325457525,10.0
9,5,elastic_net,10.0,0.2,0.5971833749141585,0.03403943246693938,10.0
9,5,elastic_net,0.1,0.8,0.598070291786097,0.004016472235438308,3.4
9,5,elastic_net,0.02,0.2,0.602327323099261,0.006997104647535138,1.6
9,5,elastic_net,0.05,0.5,0.6024904204498657,0.006448162853102784,1.6
9,5,elastic_net,0.05,0.8,0.6025540926084169,0.0070554796774154535,0.0
9,5,elastic_net,0.1,1.0,0.6026925131446048,0.006004820015414951,1.6
9,5,elastic_net,0.05,1.0,0.602758605168509,0.0072163336798413535,0.0
9,5,elastic_net,0.01,0.2,0.6042978418542738,0.006173556067158802,0.0
9,5,elastic_net,0.02,0.5,0.610494588277043,0.007127814967423098,0.0
9,5,elastic_net,0.02,1.0,0.6145840713685095,0.00230943560319785,0.0
9,5,elastic_net,0.01,1.0,0.6150754070672015,0.0026169395772778353,0.0
9,5,elastic_net,0.005,1.0,0.6150871557806946,0.0026202520161071703,0.0
9,5,elastic_net,0.001,1.0,0.615088429400705,0.0026220255652934024,0.0
9,5,elastic_net,0.002,1.0,0.6150885003230389,0.00262200717945372,0.0
9,5,elastic_net,0.02,0.8,0.621203862232367,0.0009719847686670166,0.0
9,5,elastic_net,0.01,0.5,0.6237476201877048,0.0017794094845165359,0.0
9,5,elastic_net,0.005,0.2,0.6245930453570686,0.0020235112926911465,0.0
9,5,elastic_net,0.01,0.8,0.6251798240195938,0.0016531433601153433,0.0
9,5,elastic_net,0.005,0.8,0.6274204770955362,0.001080274379532459,0.0
9,5,elastic_net,0.005,0.5,0.6280537843013896,0.0010349977877112688,0.0
9,5,elastic_net,0.002,0.8,0.6280672941972547,0.0010437332626621859,0.0
9,5,elastic_net,0.001,0.8,0.6291051817509795,0.0009861221159957294,0.0
9,5,elastic_net,0.002,0.5,0.6296141440754648,0.0009600080849822514,0.0
9,5,elastic_net,0.002,0.2,0.6310967277379591,0.0008803889111893792,0.0
9,5,elastic_net,0.001,0.5,0.6320801704964137,0.0008516676903190017,0.0
9,5,elastic_net,0.001,0.2,0.6348426713891422,0.000762891416989908,0.0
9,5,lasso,1.0,,0.5855795015339271,0.019239792099908507,9.6
9,5,lasso,0.5,,0.5867855403517469,0.010122624276153817,9.0
9,5,lasso,2.0,,0.5902764426232776,0.026722238750231813,9.8
9,5,lasso,5.0,,0.5949324506507405,0.031771135211784825,10.0
9,5,lasso,0.2,,0.5957991323617322,0.004461882952155838,5.8
9,5,lasso,10.0,,0.5971321136938992,0.03352497488103389,10.0
9,5,lasso,0.1,,0.6026925131446048,0.006004820015414951,1.6
9,5,lasso,0.05,,0.602758605168509,0.0072163336798413535,0.0
9,5,lasso,0.02,,0.6145840713685095,0.00230943560319785,0.0
9,5,lasso,0.01,,0.6150754070672015,0.0026169395772778353,0.0
9,5,lasso,0.005,,0.6150871557806946,0.0026202520161071703,0.0
9,5,lasso,0.001,,0.615088429400705,0.0026220255652934024,0.0
9,5,lasso,0.002,,0.6150885003230389,0.00262200717945372,0.0
10,1,ridge,0.1,,0.5684736672084026,0.012112313501533085,10.0
10,1,ridge,0.2,,0.5692358269869464,0.015065371610999046,10.0
10,1,ridge,0.05,,0.5712482297673677,0.009593120610086487,10.0
10,1,ridge,0.5,,0.5741491288785284,0.019100469105482316,10.0
10,1,ridge,1.0,,0.5786489263913163,0.02185182704809324,10.0
10,1,ridge,0.02,,0.5790291449006892,0.0073680433787272044,10.0
10,1,ridge,2.0,,0.5823312720243043,0.02400009331416121,10.0
10,1,ridge,5.0,,0.5853732721641431,0.025724773433655354,10.0
10,1,ridge,0.01,,0.5854362349238632,0.006628331282194782,10.0
10,1,ridge,10.0,,0.5865932887140252,0.026440879515768012,10.0
10,1,ridge,0.005,,0.5904417045205642,0.006392120861231065,10.0
10,1,ridge,0.002,,0.5944052827036279,0.006320923558477455,10.0
10,1,ridge,0.001,,0.5959446304529481,0.006312663743481193,10.0
10,1,elastic_net,0.2,0.2,0.5694602083332427,0.01303194669552814,9.2
10,1,elastic_net,0.5,0.8,0.5703192387921417,0.01457689706082633,8.4
10,1,elastic_net,0.5,0.5,0.5705129807883825,0.016802115034891575,9.4
10,1,elastic_net,0.5,1.0,0.5723204174418525,0.013118060873125639,8.0
10,1,elastic_net,1.0,1.0,0.572610457378423,0.019460455306408397,9.2
10,1,elastic_net,0.5,0.2,0.5729956716214806,0.018006465885868867,9.6
10,1,elastic_net,1.0,0.8,0.5740444514319505,0.01996480817742939,9.4
10,1,elastic_net,0.1,0.2,0.5749760857631457,0.009163417143073112,8.4
10,1,elastic_net,0.2,0.5,0.5754699953111354,0.009608417932266114,7.6
10,1,elastic_net,1.0,0.5,0.5759838251673555,0.020498325220152044,9.6
10,1,elastic_net,1.0,0.2,0.5776185436842998,0.021106701879357464,9.8
10,1,elastic_net,2.0,1.0,0.5787755999673012,0.022612218539028475,9.6
10,1,elastic_net,2.0,0.8,0.5795311306167357,0.022715738263524337,9.6
10,1,elastic_net,2.0,0.5,0.5805588488079714,0.023073531991207645,10.0
10,1,elastic_net,2.0,0.2,0.5816014574393445,0.023571925957366208,10.0
10,1,elastic_net,5.0,1.0,0.5836290283641398,0.02500710176017368,10.0
10,1,elastic_net,5.0,0.8,0.5839674429283184,0.025134231681283887,10.0
10,1,elastic_net,5.0,0.5,0.5844897164400319,0.02533112743457865,10.0
10,1,elastic_net,5.0,0.2,0.5850287661131311,0.02554017280093454,10.0
10,1,elastic_net,0.2,0.8,0.5851330977263994,0.009148980548433504,6.0
10,1,elastic_net,10.0,1.0,0.5856410931565357,0.02604416083408439,10.0
10,1,elastic_net,10.0,0.8,0.5858330611855539,0.026111075158438697,10.0
10,1,elastic_net,10.0,0.5,0.586121848316316,0.02621416863280958,10.0
10,1,elastic_net,10.0,0.2,0.5864117511824907,0.02632036439542771,10.0
10,1,elastic_net,0.05,0.2,0.5886457646415619,0.007159096856430487,6.2
10,1,elastic_net,0.2,1.0,0.5908291003648435,0.008540879206934237,5.4
10,1,elastic_net,0.1,0.5,0.5913772779141641,0.007490063186718208,5.4
10,1,elastic_net,0.02,0.2,0.597997555616532,0.006268216918385013,0.8
10,1,elastic_net,0.05,0.8,0.5983259484603459,0.005980243654123315,0.0
10,1,elastic_net,0.05,0.5,0.5983270866489102,0.006321443478831617,0.8
10,1,elastic_net,0.1,1.0,0.5986407949249125,0.006403315140075387,0.8
10,1,elastic_net,0.05,1.0,0.5990501213385395,0.005936216720283068,0.0
10,1,elastic_net,0.1,0.8,0.5997468261494794,0.007593655287415337,2.6
10,1,elastic_net,0.02,1.0,0.6009941806069853,0.005070868509130169,0.0
10,1,elastic_net,0.01,1.0,0.6010109215252925,0.0050717927376584485,0.0
10,1,elastic_net,0.02,0.5,0.6013732175965619,0.0054230922772525066,0.0
10,1,elastic_net,0.01,0.2,0.6016427782541628,0.005477087710400639,0.0
10,1,elastic_net,0.002,1.0,0.6036817052679877,0.004419740201419466,0.0
10,1,elastic_net,0.005,1.0,0.6036821036690243,0.0044195034566169725,0.0
10,1,elastic_net,0.02,0.8,0.606005132311587,0.0055614939681498795,0.0
10,1,elastic_net,0.01,0.8,0.6071218889182298,0.005787794594336915,0.0
10,1,elastic_net,0.01,0.5,0.6073321063458197,0.005819107261371362,0.0
10,1,elastic_net,0.005,0.5,0.6077144219128371,0.0058854378201128625,0.0
10,1,elastic_net,0.001,1.0,0.6078850979204438,0.0055525916822919226,0.0
10,1,elastic_net,0.005,0.2,0.6081437814887446,0.005950443773751448,0.0
10,1,elastic_net,0.002,0.2,0.6099392401520294,0.006243279731458649,0.0
10,1,elastic_net,0.005,0.8,0.6137085758420631,0.0040545704613019345,0.0
10,1,elastic_net,0.002,0.8,0.6143970351004298,0.004045129312194844,0.0
10,1,elastic_net,0.002,0.5,0.6161002686007792,0.004027730271946275,0.0
10,1,elastic_net,0.001,0.5,0.6188571978210566,0.004026958177084532,0.0
10,1,elastic_net,0.001,0.8,0.6214582541558735,0.005247738310070835,0.0
10,1,elastic_net,0.001,0.2,0.6220012266479417,0.00405316473546834,0.0
10,1,lasso,0.5,,0.5723204174418525,0.013118060873125639,8.0
10,1,lasso,1.0,,0.572610457378423,0.019460455306408397,9.2
10,1,lasso,2.0,,0.5787755999673012,0.022612218539028475,9.6
10,1,lasso,5.0,,0.5836290283641398,0.02500710176017368,10.0
10,1,lasso,10.0,,0.5856410931565357,0.02604416083408439,10.0
10,1,lasso,0.2,,0.5908291003648435,0.008540879206934237,5.4
10,1,lasso,0.1,,0.5986407949249125,0.006403315140075387,0.8
10,1,lasso,0.05,,0.5990501213385395,0.005936216720283068,0.0
10,1,lasso,0.02,,0.6009941806069853,0.005070868509130169,0.0
10,1,lasso,0.01,,0.6010109215252925,0.0050717927376584485,0.0
10,1,lasso,0.002,,0.6036817052679877,0.004419740201419466,0.0
10,1,lasso,0.005,,0.6036821036690243,0.0044195034566169725,0.0
10,1,lasso,0.001,,0.6078850979204438,0.0055525916822919226,0.0
10,2,ridge,0.1,,0.5518367424899647,0.01103542611777419,10.0
10,2,ridge,0.2,,0.5521522796068371,0.012693145244813403,10.0
10,2,ridge,0.05,,0.5568340757108554,0.009291428623238115,10.0
10,2,ridge,0.5,,0.557591287294617,0.01453152289756731,10.0
10,2,ridge,1.0,,0.5622193562115907,0.015481016532606341,10.0
10,2,ridge,2.0,,0.5657404496522843,0.01607387416188645,10.0
10,2,ridge,5.0,,0.5685759816451462,0.01641972748757222,10.0
10,2,ridge,0.02,,0.5692244563108957,0.007233425352293645,10.0
10,2,ridge,10.0,,0.5697136398437616,0.01653756784460062,10.0
10,2,ridge,0.01,,0.5787428190498002,0.006369523511587731,10.0
10,2,ridge,0.005,,0.5858883648157579,0.00617675705201901,10.0
10,2,ridge,0.002,,0.5914122598446647,0.006322807828287538,10.0
10,2,ridge,0.001,,0.593526348858276,0.006446986724686615,10.0
10,2,elastic_net,0.5,0.2,0.5585406351235778,0.014324321721427552,9.8
10,2,elastic_net,0.2,0.2,0.558565594483961,0.012367162168666975,9.4
10,2,elastic_net,0.5,0.5,0.5613159785672561,0.01402396335812974,9.4
10,2,elastic_net,1.0,0.2,0.5620724714292565,0.015430412551644497,10.0
10,2,elastic_net,1.0,0.5,0.5625903424606096,0.015243873002419443,9.8
10,2,elastic_net,1.0,0.8,0.5632528221067402,0.014932326670185576,9.4
10,2,elastic_net,1.0,1.0,0.5640978622309177,0.014829103370015001,9.4
10,2,elastic_net,2.0,0.8,0.565240035133898,0.01589777176768965,9.8
10,2,elastic_net,2.0,0.5,0.5652867450482436,0.015954359301716337,10.0
10,2,elastic_net,0.5,0.8,0.5653042348205111,0.014125964310629225,9.0
10,2,elastic_net,2.0,1.0,0.5653994535802975,0.015807970235122117,9.6
10,2,elastic_net,2.0,0.2,0.5655404341892708,0.016017261707874344,10.0
10,2,elastic_net,5.0,1.0,0.567965846553327,0.016306811191013154,10.0
10,2,elastic_net,5.0,0.8,0.5680737429051418,0.01632734920040657,10.0
10,2,elastic_net,0.1,0.2,0.5680951361125768,0.010771383505455612,9.4
10,2,elastic_net,0.5,1.0,0.5681209734124423,0.01422945426612703,8.6
10,2,elastic_net,5.0,0.5,0.5682531442860189,0.016363578034955507,10.0
10,2,elastic_net,5.0,0.2,0.5684534769368723,0.016404400013970543,10.0
10,2,elastic_net,10.0,1.0,0.5693195386732155,0.016472871505680168,10.0
10,2,elastic_net,10.0,0.8,0.5693939521217537,0.01648751470402854,10.0
10,2,elastic_net,10.0,0.5,0.5695067746522098,0.016509176674722695,10.0
10,2,elastic_net,10.0,0.2,0.5696231792713602,0.016532501791974817,10.0
10,2,elastic_net,0.2,0.5,0.570661817505833,0.012337365277872199,8.4
10,2,elastic_net,0.2,0.8,0.5818313415321406,0.010249072138558218,7.2
10,2,elastic_net,0.05,0.2,0.5866356055395974,0.00713816073886479,7.2
10,2,elastic_net,0.2,1.0,0.5895656915838015,0.007526367984878171,6.8
10,2,elastic_net,0.1,0.5,0.5907960968818354,0.006499386838452106,6.8
10,2,elastic_net,0.02,0.2,0.5962424340800394,0.006447606250220335,0.6
10,2,elastic_net,0.05,0.5,0.5966752857540618,0.006355099659745541,0.6
10,2,elastic_net,0.05,1.0,0.5968877596811909,0.006511820792999568,0.0
10,2,elastic_net,0.1,1.0,0.5969270350336364,0.0063826414101783935,0.6
10,2,elastic_net,0.05,0.8,0.5969653994231456,0.006236183874707022,0.0
10,2,elastic_net,0.1,0.8,0.5988987896199731,0.005557077068459683,2.6
10,2,elastic_net,0.01,0.2,0.5993283498531778,0.005239868204035997,0.0
10,2,elastic_net,0.02,0.5,0.5996202995373313,0.005204542033840019,0.0
10,2,elastic_net,0.02,1.0,0.6047643904686534,0.0060454609336613105,0.0
10,2,elastic_net,0.005,1.0,0.6088932892294974,0.004924781122176545,0.0
10,2,elastic_net,0.01,1.0,0.6088937840104942,0.004918445907367499,0.0
10,2,elastic_net,0.001,1.0,0.6107076844775279,0.003780034562720167,0.0
10,2,elastic_net,0.002,1.0,0.6107076844775279,0.003780034562720167,0.0
10,2,elastic_net,0.02,0.8,0.6126286475412808,0.007453864574727101,0.0
10,2,elastic_net,0.01,0.5,0.6151996927112873,0.007437394459707353,0.0
10,2,elastic_net,0.005,0.2,0.6162121304020916,0.00760928703976459,0.0
10,2,elastic_net,0.01,0.8,0.6214322929699743,0.00547056432081659,0.0
10,2,elastic_net,0.005,0.8,0.621639991554287,0.005498787351766875,0.0
10,2,elastic_net,0.005,0.5,0.6222813044506292,0.005546494106934597,0.0
10,2,elastic_net,0.002,0.2,0.6253297059178873,0.00578170510579436,0.0
10,2,elastic_net,0.002,0.8,0.6258965759696392,0.002480442505708562,0.0
10,2,elastic_net,0.001,0.8,0.6270325411987432,0.002452782521390109,0.0
10,2,elastic_net,0.002,0.5,0.627586519098586,0.002437937563908893,0.0
10,2,elastic_net,0.001,0.2,0.6290622190009154,0.006034898026058761,0.0
10,2,elastic_net,0.001,0.5,0.6302608439667058,0.0023826627119076034,0.0
10,2,lasso,1.0,,0.5640978622309177,0.014829103370015001,9.4
10,2,lasso,2.0,,0.5653994535802975,0.015807970235122117,9.6
10,2,lasso,5.0,,0.567965846553327,0.016306811191013154,10.0
10,2,lasso,0.5,,0.5681209734124423,0.01422945426612703,8.6
10,2,lasso,10.0,,0.5693195386732155,0.016472871505680168,10.0
10,2,lasso,0.2,,0.5895656915838015,0.007526367984878171,6.8
10,2,lasso,0.05,,0.5968877596811909,0.006511820792999568,0.0
10,2,lasso,0.1,,0.5969270350336364,0.0063826414101783935,0.6
10,2,lasso,0.02,,0.6047643904686534,0.0060454609336613105,0.0
10,2,lasso,0.005,,0.6088932892294974,0.004924781122176545,0.0
10,2,lasso,0.01,,0.6088937840104942,0.004918445907367499,0.0
10,2,lasso,0.001,,0.6107076844775279,0.003780034562720167,0.0
10,2,lasso,0.002,,0.6107076844775279,0.003780034562720167,0.0
10,3,ridge,0.05,,0.5888001794806756,0.024845775806137418,10.0
10,3,ridge,0.1,,0.5903732033190854,0.03259774254307843,10.0
10,3,ridge,0.02,,0.5905491036104673,0.01566964554707204,10.0
10,3,ridge,0.01,,0.5933871312930044,0.011007509305907165,10.0
10,3,ridge,0.2,,0.5954550363653894,0.03995376298674373,10.0
10,3,ridge,0.005,,0.59637882120501,0.008683768043161887,10.0
10,3,ridge,0.002,,0.5993546828516358,0.0077744439091381925,10.0
10,3,ridge,0.001,,0.6006773670991652,0.0076539477260123825,10.0
10,3,ridge,0.5,,0.6065328638542615,0.048363802937606705,10.0
10,3,ridge,1.0,,0.6160392315176194,0.0536632467823788,10.0
10,3,ridge,2.0,,0.6248314293172046,0.05830250366334651,10.0
10,3,ridge,5.0,,0.6348634052791995,0.0641627612515095,10.0
10,3,ridge,10.0,,0.6408515103265573,0.06809029546753642,10.0
10,3,elastic_net,0.2,0.8,0.590766677658428,0.018161304394877446,6.0
10,3,elastic_net,0.2,0.5,0.5913324887172854,0.021053909813985007,7.4
10,3,elastic_net,0.1,0.2,0.5916189828089513,0.020151333745736216,8.4
10,3,elastic_net,0.05,0.2,0.5921130018449453,0.013400947380379434,6.4
10,3,elastic_net,0.1,0.5,0.5935122001230037,0.015569207380560217,5.2
10,3,elastic_net,0.2,1.0,0.5938292609627068,0.017833932851133178,5.6
10,3,elastic_net,0.2,0.2,0.5940231971800466,0.03135526334233306,9.4
10,3,elastic_net,0.5,1.0,0.5945682589266135,0.026656360934875698,8.0
10,3,elastic_net,0.5,0.8,0.5961379696842333,0.030785949359708246,8.4
10,3,elastic_net,0.1,0.8,0.5993737228841994,0.013339232716126553,3.0
10,3,elastic_net,0.5,0.5,0.5994024834832272,0.03784423291366857,9.0
10,3,elastic_net,0.02,0.2,0.6024412949135272,0.008402589820807986,1.8
10,3,elastic_net,0.05,0.8,0.6027994130584159,0.00721312664226114,0.0
10,3,elastic_net,0.05,1.0,0.6028797001039687,0.007182472505351941,0.0
10,3,elastic_net,0.05,0.5,0.603400438645483,0.009277074229236534,1.6
10,3,elastic_net,0.5,0.2,0.6035446971716569,0.04451677409043955,9.6
10,3,elastic_net,1.0,1.0,0.604168230268322,0.04170350537295208,9.0
10,3,elastic_net,0.01,0.2,0.604376768333447,0.0062336704971578975,0.0
10,3,elastic_net,0.1,1.0,0.6049263115797826,0.010296827565522674,1.6
10,3,elastic_net,0.02,1.0,0.6061770026149088,0.008101802307233697,0.0
10,3,elastic_net,0.02,0.5,0.6062581877417125,0.005952495190401412,0.0
10,3,elastic_net,1.0,0.8,0.6064614245504824,0.04443218934413982,9.0
10,3,elastic_net,0.02,0.8,0.6073238958876525,0.007506428918145786,0.0
10,3,elastic_net,0.005,0.2,0.6092511528281264,0.00761971847127882,0.0
10,3,elastic_net,1.0,0.5,0.6100229390888388,0.04837282434174321,9.2
10,3,elastic_net,0.01,1.0,0.610945200738114,0.007429286682457716,0.0
10,3,elastic_net,0.01,0.5,0.6129144508906668,0.00940674064896169,0.0
10,3,elastic_net,1.0,0.2,0.6134621117206323,0.05165276927475998,9.8
10,3,elastic_net,0.005,1.0,0.6134906813934841,0.006083493902113539,0.0
10,3,elastic_net,2.0,1.0,0.6169213383288988,0.05268693517208485,9.2
10,3,elastic_net,0.002,1.0,0.6174771774480049,0.004082227771647678,0.0
10,3,elastic_net,0.001,1.0,0.6174774128894696,0.004081981186815152,0.0
10,3,elastic_net,2.0,0.8,0.6184517452837078,0.05406036422947529,9.4
10,3,elastic_net,0.01,0.8,0.6203187855162959,0.008444248965101224,0.0
10,3,elastic_net,2.0,0.5,0.6207626355482732,0.055742357814747,9.6
10,3,elastic_net,0.005,0.5,0.6209892764673903,0.008489275999267807,0.0
10,3,elastic_net,2.0,0.2,0.623051323200502,0.057291348959948335,9.8
10,3,elastic_net,0.002,0.2,0.6234549540745123,0.008631862460576399,0.0
10,3,elastic_net,0.005,0.8,0.6248486492929641,0.006349842469625113,0.0
10,3,elastic_net,0.002,0.5,0.6268199822708732,0.006381132005746395,0.0
10,3,elastic_net,0.002,0.8,0.6312417832865711,0.003154566371997549,0.0
10,3,elastic_net,0.001,0.2,0.6316127071839439,0.006401763561757739,0.0
10,3,elastic_net,0.001,0.8,0.6322723901745401,0.00311092900431082,0.0
10,3,elastic_net,5.0,1.0,0.6322861075742832,0.06315984590688398,9.8
10,3,elastic_net,5.0,0.8,0.6326362058517383,0.0632818786427526,9.8
10,3,elastic_net,5.0,0.5,0.6332857429477149,0.0635161486230645,10.0
10,3,elastic_net,5.0,0.2,0.6340404189881835,0.06378977977242296,10.0
10,3,elastic_net,0.001,0.5,0.6352003679627635,0.0029913952318043105,0.0
10,3,elastic_net,10.0,0.8,0.6400429603154036,0.06802186736492774,10.0
10,3,elastic_net,10.0,0.5,0.6400707525428696,0.06784964806518357,10.0
10,3,elastic_net,10.0,1.0,0.6400735605386176,0.06817637364375694,10.0
10,3,elastic_net,10.0,0.2,0.6401628148016587,0.06773011093850911,10.0
10,3,lasso,0.2,,0.5938292609627068,0.017833932851133178,5.6
10,3,lasso,0.5,,0.5945682589266135,0.026656360934875698,8.0
10,3,lasso,0.05,,0.6028797001039687,0.007182472505351941,0.0
10,3,lasso,1.0,,0.604168230268322,0.04170350537295208,9.0
10,3,lasso,0.1,,0.6049263115797826,0.010296827565522674,1.6
10,3,lasso,0.02,,0.6061770026149088,0.008101802307233697,0.0
10,3,lasso,0.01,,0.610945200738114,0.007429286682457716,0.0
10,3,lasso,0.005,,0.6134906813934841,0.006083493902113539,0.0
10,3,lasso,2.0,,0.6169213383288988,0.05268693517208485,9.2
10,3,lasso,0.002,,0.6174771774480049,0.004082227771647678,0.0
10,3,lasso,0.001,,0.6174774128894696,0.004081981186815152,0.0
10,3,lasso,5.0,,0.6322861075742832,0.06315984590688398,9.8
10,3,lasso,10.0,,0.6400735605386176,0.06817637364375694,10.0
10,4,ridge,0.2,,0.5187730037544184,0.0331952012839681,10.0
10,4,ridge,0.1,,0.5207119385888682,0.025121378366361274,10.0
10,4,ridge,0.5,,0.530171479428914,0.045647883276048164,10.0
10,4,ridge,0.05,,0.5317152511425939,0.018340794832986236,10.0
10,4,ridge,1.0,,0.5451020714895485,0.05570925196325249,10.0
10,4,ridge,0.02,,0.554016914417555,0.011700539466936727,10.0
10,4,ridge,2.0,,0.5610676295366093,0.06539371723897502,10.0
10,4,ridge,0.01,,0.5706554256239447,0.008935191001590204,10.0
10,4,ridge,5.0,,0.5786074092812793,0.07618086584975171,10.0
10,4,ridge,0.005,,0.5834848153440463,0.00783489391869772,10.0
10,4,ridge,10.0,,0.5873506852133094,0.08179016099645801,10.0
10,4,ridge,0.002,,0.5937621639047396,0.007553432805252946,10.0
10,4,ridge,0.001,,0.5978035522678861,0.007569710183676832,10.0
10,4,elastic_net,0.2,0.2,0.5245860005080252,0.028052774880518026,9.2
10,4,elastic_net,0.5,0.2,0.5294720164574642,0.042896116161897216,9.4
10,4,elastic_net,0.5,0.5,0.5297292933587775,0.03839209883581026,8.8
10,4,elastic_net,0.5,0.8,0.5328186930905876,0.03365643670411573,8.2
10,4,elastic_net,0.5,1.0,0.5360597595796669,0.030461884541824715,8.2
10,4,elastic_net,0.1,0.2,0.5386058241920229,0.016271518295108707,9.2
10,4,elastic_net,0.2,0.5,0.5393800735973847,0.018952986477732383,8.4
10,4,elastic_net,1.0,1.0,0.5415120187898447,0.04754348601888615,8.6
10,4,elastic_net,1.0,0.8,0.5419312980392095,0.049329577781012275,8.8
10,4,elastic_net,1.0,0.5,0.5428952970278814,0.051835596750189436,9.4
10,4,elastic_net,1.0,0.2,0.5441454755374858,0.054162427088850496,9.4
10,4,elastic_net,0.2,0.8,0.5568056711563572,0.013650242195794405,8.0
10,4,elastic_net,2.0,0.8,0.5602958672876814,0.0633222111683218,9.4
10,4,elastic_net,2.0,0.5,0.5603182110176901,0.063958975849271,10.0
10,4,elastic_net,2.0,1.0,0.5604650642746046,0.06301276310761354,9.4
10,4,elastic_net,2.0,0.2,0.5605873698945714,0.06473373062949143,10.0
10,4,elastic_net,0.2,1.0,0.5667545910222211,0.012343236106667497,7.2
10,4,elastic_net,0.05,0.2,0.5677750952091694,0.008102525935821569,8.2
10,4,elastic_net,0.1,0.5,0.5706377105145802,0.009899860647930274,7.4
10,4,elastic_net,5.0,0.2,0.578468241022559,0.07603208782054464,10.0
10,4,elastic_net,5.0,0.5,0.5789551914729585,0.07625736341882146,10.0
10,4,elastic_net,5.0,0.8,0.5796484721857829,0.07662104008836298,10.0
10,4,elastic_net,5.0,1.0,0.5802439060248209,0.07696424598288172,10.0
10,4,elastic_net,10.0,0.2,0.5873276314804408,0.08178334483720977,10.0
10,4,elastic_net,10.0,0.5,0.5878521147222763,0.08213353766891218,10.0
10,4,elastic_net,10.0,0.8,0.5884609666396392,0.08254910945694356,10.0
10,4,elastic_net,10.0,1.0,0.5889325754633712,0.0828742859829053,10.0
10,4,elastic_net,0.1,0.8,0.5904071768874967,0.007498154683463649,4.2
10,4,elastic_net,0.1,1.0,0.5986228158963851,0.005949234171673899,3.2
10,4,elastic_net,0.05,0.5,0.5992906669577404,0.006334442817038269,3.2
10,4,elastic_net,0.02,0.2,0.6003720794808788,0.006883867500222908,3.4
10,4,elastic_net,0.05,1.0,0.6027414963418003,0.007274144761223847,0.0
10,4,elastic_net,0.05,0.8,0.6028783158205301,0.007031334522466449,0.0
10,4,elastic_net,0.02,1.0,0.6030669276095851,0.0074718768226506305,0.0
10,4,elastic_net,0.02,0.5,0.6037160349763036,0.006444394461555061,0.0
10,4,elastic_net,0.01,0.2,0.6038012866834541,0.006402418000451863,0.0
10,4,elastic_net,0.02,0.8,0.6052507603956198,0.007988828963394751,0.0
10,4,elastic_net,0.01,0.5,0.6062209470524375,0.008155617264050063,0.0
10,4,elastic_net,0.005,0.2,0.6066333600953321,0.008241120094532563,0.0
10,4,elastic_net,0.01,0.8,0.6078863019330075,0.0075495469115691265,0.0
10,4,elastic_net,0.01,1.0,0.6092209057690454,0.006881255726868666,0.0
10,4,elastic_net,0.005,1.0,0.6124510404023942,0.00526928930979801,0.0
10,4,elastic_net,0.001,1.0,0.6156550124729947,0.0032139199068697546,0.0
10,4,elastic_net,0.002,1.0,0.6156560788065543,0.003214550902728305,0.0
10,4,elastic_net,0.005,0.5,0.6182352755998811,0.008531677973011444,0.0
10,4,elastic_net,0.005,0.8,0.6186812240872217,0.00780789507617524,0.0
10,4,elastic_net,0.002,0.2,0.6205895052418087,0.008867100006662973,0.0
10,4,elastic_net,0.002,0.5,0.6257065862177968,0.005895145575012821,0.0
10,4,elastic_net,0.002,0.8,0.6294162565919069,0.0017580548336601205,0.0
10,4,elastic_net,0.001,0.8,0.6305094716948688,0.0016895092041916634,0.0
10,4,elastic_net,0.001,0.2,0.6307046975532129,0.006077825373255658,0.0
10,4,elastic_net,0.001,0.5,0.63362221358595,0.0015165221105496512,0.0
10,4,lasso,0.5,,0.5360597595796669,0.030461884541824715,8.2
10,4,lasso,1.0,,0.5415120187898447,0.04754348601888615,8.6
10,4,lasso,2.0,,0.5604650642746046,0.06301276310761354,9.4
10,4,lasso,0.2,,0.5667545910222211,0.012343236106667497,7.2
10,4,lasso,5.0,,0.5802439060248209,0.07696424598288172,10.0
10,4,lasso,10.0,,0.5889325754633712,0.0828742859829053,10.0
10,4,lasso,0.1,,0.5986228158963851,0.005949234171673899,3.2
10,4,lasso,0.05,,0.6027414963418003,0.007274144761223847,0.0
10,4,lasso,0.02,,0.6030669276095851,0.0074718768226506305,0.0
10,4,lasso,0.01,,0.6092209057690454,0.006881255726868666,0.0
10,4,lasso,0.005,,0.6124510404023942,0.00526928930979801,0.0
10,4,lasso,0.001,,0.6156550124729947,0.0032139199068697546,0.0
10,4,lasso,0.002,,0.6156560788065543,0.003214550902728305,0.0
10,5,ridge,0.05,,0.561393539612906,0.019951087712017288,10.0
10,5,ridge,0.1,,0.5614084982040565,0.027801335539902407,10.0
10,5,ridge,0.2,,0.5678365956760121,0.036263624400793955,10.0
10,5,ridge,0.02,,0.5702978605188017,0.012453776292093256,10.0
10,5,ridge,0.01,,0.5800552321086607,0.00961274963534139,10.0
10,5,ridge,0.5,,0.5823722456057588,0.04642476909592704,10.0
10,5,ridge,0.005,,0.5886620847400235,0.008414622422854427,10.0
10,5,ridge,1.0,,0.5938500673327842,0.052370531742245395,10.0
10,5,ridge,0.002,,0.5960031216196622,0.007891200127855432,10.0
10,5,ridge,0.001,,0.5989615057204745,0.007761586323672638,10.0
10,5,ridge,2.0,,0.6031468045701212,0.056642702764489954,10.0
10,5,ridge,5.0,,0.6111092523280202,0.059979364740665474,10.0
10,5,ridge,10.0,,0.6145251451969261,0.061322896410412435,10.0
10,5,elastic_net,0.2,0.5,0.5640127477977767,0.022637158108126255,8.2
10,5,elastic_net,0.1,0.2,0.5646443501516555,0.020480141184083686,8.8
10,5,elastic_net,0.2,0.2,0.5646547226432369,0.03075918841460562,9.2
10,5,elastic_net,0.5,1.0,0.5675883360078727,0.029603218374824648,8.4
10,5,elastic_net,0.5,0.8,0.569388737876281,0.03289945294735355,9.0
10,5,elastic_net,0.2,0.8,0.5718372797557791,0.01838034082103812,7.0
10,5,elastic_net,0.5,0.5,0.5733789182771563,0.038238809124859434,9.0
10,5,elastic_net,0.05,0.2,0.5778212002256939,0.012097603260624788,7.4
10,5,elastic_net,0.5,0.2,0.5785928739238374,0.04341623018519128,9.6
10,5,elastic_net,0.2,1.0,0.5788720379613255,0.019302275898641065,5.8
10,5,elastic_net,0.1,0.5,0.5800042216522721,0.01568975780499752,6.2
10,5,elastic_net,1.0,1.0,0.5809397008974347,0.042364749890425726,8.8
10,5,elastic_net,1.0,0.8,0.5832411161498776,0.04459009913386645,8.8
10,5,elastic_net,1.0,0.5,0.5872768769111826,0.04784069495186486,9.4
10,5,elastic_net,1.0,0.2,0.5912358358183649,0.05060430446742936,10.0
10,5,elastic_net,2.0,1.0,0.5949228650496294,0.05122729649439942,9.2
10,5,elastic_net,2.0,0.8,0.5966558421799882,0.05242135496809712,9.6
10,5,elastic_net,2.0,0.5,0.5991553724013557,0.05411542739734952,9.8
10,5,elastic_net,0.1,0.8,0.5995071855131211,0.015539222934671387,3.6
10,5,elastic_net,2.0,0.2,0.6014665315767974,0.0556525333067418,10.0
10,5,elastic_net,0.05,0.8,0.6030011207910386,0.0070392555902841405,0.0
10,5,elastic_net,0.05,1.0,0.6031413898042398,0.006877620130457139,0.0
10,5,elastic_net,0.02,0.2,0.603298465472247,0.008807832920147017,1.8
10,5,elastic_net,0.05,0.5,0.604794694585137,0.010464128556174138,1.8
10,5,elastic_net,0.02,0.8,0.605069917020201,0.006074721080904939,0.0
10,5,elastic_net,0.01,0.2,0.6051653269470669,0.006009933160163414,0.0
10,5,elastic_net,0.02,0.5,0.6054127006530134,0.0058911529348054615,0.0
10,5,elastic_net,0.02,1.0,0.6063180723931383,0.00630233228894516,0.0
10,5,elastic_net,0.1,1.0,0.6066078378664839,0.012434707537178985,1.8
10,5,elastic_net,0.005,0.2,0.6067442791912967,0.0057008959864570915,0.0
10,5,elastic_net,5.0,1.0,0.6075109331943104,0.05767460194630317,9.8
10,5,elastic_net,5.0,0.8,0.6082439330116609,0.05811963136307954,9.8
10,5,elastic_net,5.0,0.5,0.6093342378320094,0.058783395838636864,9.8
10,5,elastic_net,5.0,0.2,0.6103457802290657,0.05948997674851885,10.0
10,5,elastic_net,0.01,1.0,0.6114399166482766,0.005246143277889989,0.0
10,5,elastic_net,0.01,0.8,0.6114887266801394,0.006738067819677099,0.0
10,5,elastic_net,0.01,0.5,0.6116419319049553,0.0067639387612771495,0.0
10,5,elastic_net,10.0,1.0,0.6127129508775531,0.06008362832175032,10.0
10,5,elastic_net,10.0,0.8,0.6130590916451654,0.06033339351586941,10.0
10,5,elastic_net,10.0,0.5,0.6135736004844923,0.06070626198156274,10.0
10,5,elastic_net,10.0,0.2,0.614081453451732,0.06107568029994114,10.0
10,5,elastic_net,0.005,0.5,0.6153555509938079,0.007756362350678053,0.0
10,5,elastic_net,0.005,1.0,0.616937852171405,0.0029754297263971906,0.0
10,5,elastic_net,0.002,1.0,0.6169449973971627,0.0029727903994508794,0.0
10,5,elastic_net,0.001,1.0,0.6169453355736401,0.002972844595472537,0.0
10,5,elastic_net,0.002,0.2,0.6173098105037417,0.008065874808623133,0.0
10,5,elastic_net,0.005,0.8,0.6245182611649297,0.00532642596723791,0.0
10,5,elastic_net,0.002,0.8,0.6310287227341087,0.0017156904001934413,0.0
10,5,elastic_net,0.001,0.8,0.6320339721852665,0.0016720211456481935,0.0
10,5,elastic_net,0.002,0.5,0.6325233834767643,0.0016520074187000556,0.0
10,5,elastic_net,0.001,0.5,0.6348944331132842,0.0015615096771785738,0.0
10,5,elastic_net,0.001,0.2,0.6375327494709409,0.0014757613324420107,0.0
10,5,lasso,0.5,,0.5675883360078727,0.029603218374824648,8.4
10,5,lasso,0.2,,0.5788720379613255,0.019302275898641065,5.8
10,5,lasso,1.0,,0.5809397008974347,0.042364749890425726,8.8
10,5,lasso,2.0,,0.5949228650496294,0.05122729649439942,9.2
10,5,lasso,0.05,,0.6031413898042398,0.006877620130457139,0.0
10,5,lasso,0.02,,0.6063180723931383,0.00630233228894516,0.0
10,5,lasso,0.1,,0.6066078378664839,0.012434707537178985,1.8
10,5,lasso,5.0,,0.6075109331943104,0.05767460194630317,9.8
10,5,lasso,0.01,,0.6114399166482766,0.005246143277889989,0.0
10,5,lasso,10.0,,0.6127129508775531,0.06008362832175032,10.0
10,5,lasso,0.005,,0.616937852171405,0.0029754297263971906,0.0
10,5,lasso,0.002,,0.6169449973971627,0.0029727903994508794,0.0
10,5,lasso,0.001,,0.6169453355736401,0.002972844595472537,0.0
